DATETIME,REGION,FUEL_TYPE,NET_P,TEMP_now,WIND_now,W_CODE_now,TEMP_future_12h,WIND_future_12h,W_CODE_future_12h
2025-07-09 00:10:00,Other,太陽能(Solar),0.0,,,,,,
2025-07-09 09:30:00,Other,太陽能(Solar),740.78,,,,,,
2025-07-09 09:40:00,Other,太陽能(Solar),715.1809999999999,,,,,,
2025-07-09 09:50:00,Other,太陽能(Solar),756.222,,,,,,
2025-07-09 10:00:00,Other,太陽能(Solar),827.962,,,,,,
2025-07-09 10:10:00,Other,太陽能(Solar),941.747,,,,,,
2025-07-09 10:20:00,Other,太陽能(Solar),960.143,,,,,,
2025-07-09 10:30:00,Other,太陽能(Solar),967.437,,,,,,
2025-07-09 10:40:00,Other,太陽能(Solar),981.423,,,,,,
2025-07-09 10:50:00,Other,太陽能(Solar),1059.041,,,,,,
2025-07-09 11:00:00,Other,太陽能(Solar),1141.543,,,,,,
2025-07-09 11:10:00,Other,太陽能(Solar),1201.7089999999998,,,,,,
2025-07-09 11:20:00,Other,太陽能(Solar),1199.462,,,,,,
2025-07-09 11:30:00,Other,太陽能(Solar),1326.461,,,,,,
2025-07-09 11:40:00,Other,太陽能(Solar),1359.325,,,,,,
2025-07-09 11:50:00,Other,太陽能(Solar),1442.232,,,,,,
2025-07-09 12:00:00,Other,太陽能(Solar),1570.057,,,,,,
2025-07-09 12:10:00,Other,太陽能(Solar),1679.471,,,,,,
2025-07-09 12:20:00,Other,太陽能(Solar),1797.045,,,,,,
2025-07-09 12:30:00,Other,太陽能(Solar),1962.005,,,,,,
2025-07-09 12:40:00,Other,太陽能(Solar),2120.502,,,,,,
2025-07-09 12:50:00,Other,太陽能(Solar),2131.767,,,,,,
2025-07-09 13:00:00,Other,太陽能(Solar),2237.436,,,,,,
2025-07-09 13:10:00,Other,太陽能(Solar),2251.162,,,,,,
2025-07-09 13:20:00,Other,太陽能(Solar),2332.307,,,,,,
2025-07-09 13:30:00,Other,太陽能(Solar),2354.625,,,,,,
2025-07-09 13:40:00,Other,太陽能(Solar),2186.497,,,,,,
2025-07-09 13:50:00,Other,太陽能(Solar),2050.081,,,,,,
2025-07-09 14:00:00,Other,太陽能(Solar),1993.642,,,,,,
2025-07-09 14:10:00,Other,太陽能(Solar),1925.665,,,,,,
2025-07-09 14:20:00,Other,太陽能(Solar),1903.866,,,,,,
2025-07-09 14:30:00,Other,太陽能(Solar),1911.571,,,,,,
2025-07-09 14:40:00,Other,太陽能(Solar),1970.997,,,,,,
2025-07-09 14:50:00,Other,太陽能(Solar),1877.09,,,,,,
2025-07-09 15:00:00,Other,太陽能(Solar),1899.042,,,,,,
2025-07-09 15:10:00,Other,太陽能(Solar),1861.598,,,,,,
2025-07-09 15:20:00,Other,太陽能(Solar),1776.272,,,,,,
2025-07-09 15:30:00,Other,太陽能(Solar),1548.419,,,,,,
2025-07-09 15:40:00,Other,太陽能(Solar),1495.576,,,,,,
2025-07-09 15:50:00,Other,太陽能(Solar),1407.49,,,,,,
2025-07-09 16:00:00,Other,太陽能(Solar),1314.72,,,,,,
2025-07-09 16:10:00,Other,太陽能(Solar),1215.366,,,,,,
2025-07-09 16:20:00,Other,太陽能(Solar),1118.792,,,,,,
2025-07-09 16:30:00,Other,太陽能(Solar),1011.556,,,,,,
2025-07-09 16:40:00,Other,太陽能(Solar),927.077,,,,,,
2025-07-09 16:50:00,Other,太陽能(Solar),821.236,,,,,,
2025-07-09 17:00:00,Other,太陽能(Solar),777.672,,,,,,
2025-07-09 17:10:00,Other,太陽能(Solar),685.4720000000001,,,,,,
2025-07-09 17:20:00,Other,太陽能(Solar),578.391,,,,,,
2025-07-09 17:30:00,Other,太陽能(Solar),495.53,,,,,,
2025-07-09 17:40:00,Other,太陽能(Solar),363.743,,,,,,
2025-07-09 17:50:00,Other,太陽能(Solar),288.127,,,,,,
2025-07-09 18:00:00,Other,太陽能(Solar),220.341,,,,,,
2025-07-09 18:10:00,Other,太陽能(Solar),157.228,,,,,,
2025-07-09 18:20:00,Other,太陽能(Solar),127.302,,,,,,
2025-07-09 18:30:00,Other,太陽能(Solar),71.841,,,,,,
2025-07-09 18:40:00,Other,太陽能(Solar),30.405,,,,,,
2025-07-09 18:50:00,Other,太陽能(Solar),25.176,,,,,,
2025-07-09 19:00:00,Other,太陽能(Solar),0.0,,,,,,
2025-07-09 19:10:00,Other,太陽能(Solar),0.0,,,,,,
2025-07-09 19:20:00,Other,太陽能(Solar),0.0,,,,,,
2025-07-09 19:30:00,Other,太陽能(Solar),0.0,,,,,,
2025-07-09 19:40:00,Other,太陽能(Solar),0.0,,,,,,
2025-07-09 19:50:00,Other,太陽能(Solar),0.0,,,,,,
2025-07-09 20:00:00,Other,太陽能(Solar),0.0,,,,,,
2025-07-09 20:10:00,Other,太陽能(Solar),0.0,,,,,,
2025-07-09 20:20:00,Other,太陽能(Solar),0.0,,,,,,
2025-07-09 20:30:00,Other,太陽能(Solar),0.0,,,,,,
2025-07-09 20:40:00,Other,太陽能(Solar),0.0,,,,,,
2025-07-09 20:50:00,Other,太陽能(Solar),0.0,,,,,,
2025-07-09 21:00:00,Other,太陽能(Solar),0.0,,,,,,
2025-07-09 21:10:00,Other,太陽能(Solar),0.0,,,,,,
2025-07-09 21:20:00,Other,太陽能(Solar),0.0,,,,,,
2025-07-09 21:30:00,Other,太陽能(Solar),0.0,,,,,,
2025-07-09 21:40:00,Other,太陽能(Solar),0.0,,,,,,
2025-07-09 21:50:00,Other,太陽能(Solar),0.0,,,,,,
2025-07-09 22:00:00,Other,太陽能(Solar),0.0,,,,,,
2025-07-09 22:10:00,Other,太陽能(Solar),0.0,,,,,,
2025-07-09 22:20:00,Other,太陽能(Solar),0.0,,,,,,
2025-07-09 22:30:00,Other,太陽能(Solar),0.0,,,,,,
2025-07-09 22:40:00,Other,太陽能(Solar),0.0,,,,,,
2025-07-09 22:50:00,Other,太陽能(Solar),0.0,,,,,,
2025-07-09 23:00:00,Other,太陽能(Solar),0.0,,,,,,
2025-07-09 23:10:00,Other,太陽能(Solar),0.0,,,,,,
2025-07-09 23:20:00,Other,太陽能(Solar),0.0,,,,,,
2025-07-09 23:30:00,Other,太陽能(Solar),0.0,,,,,,
2025-07-09 23:40:00,Other,太陽能(Solar),0.0,,,,,,
2025-07-09 23:50:00,Other,太陽能(Solar),0.0,,,,,,
2025-07-10 00:00:00,Other,太陽能(Solar),0.0,,,,,,
2025-07-10 00:10:00,Other,太陽能(Solar),0.0,,,,,,
2025-07-10 00:20:00,Other,太陽能(Solar),0.0,,,,,,
2025-07-10 00:30:00,Other,太陽能(Solar),0.0,,,,,,
2025-07-10 00:40:00,Other,太陽能(Solar),0.0,,,,,,
2025-07-10 00:50:00,Other,太陽能(Solar),0.0,,,,,,
2025-07-10 01:00:00,Other,太陽能(Solar),0.0,,,,,,
2025-07-10 01:10:00,Other,太陽能(Solar),0.0,,,,,,
2025-07-10 01:20:00,Other,太陽能(Solar),0.0,,,,,,
2025-07-10 01:30:00,Other,太陽能(Solar),0.0,,,,,,
2025-07-10 01:40:00,Other,太陽能(Solar),0.0,,,,,,
2025-07-10 01:50:00,Other,太陽能(Solar),0.0,,,,,,
2025-07-10 02:00:00,Other,太陽能(Solar),0.0,,,,,,
2025-07-10 02:10:00,Other,太陽能(Solar),0.0,,,,,,
2025-07-10 02:20:00,Other,太陽能(Solar),0.0,,,,,,
2025-07-10 02:30:00,Other,太陽能(Solar),0.0,,,,,,
2025-07-10 02:40:00,Other,太陽能(Solar),0.0,,,,,,
2025-07-10 02:50:00,Other,太陽能(Solar),0.0,,,,,,
2025-07-10 03:00:00,Other,太陽能(Solar),0.0,,,,,,
2025-07-10 03:10:00,Other,太陽能(Solar),0.0,,,,,,
2025-07-10 03:20:00,Other,太陽能(Solar),0.0,,,,,,
2025-07-10 03:30:00,Other,太陽能(Solar),0.0,,,,,,
2025-07-10 03:40:00,Other,太陽能(Solar),0.0,,,,,,
2025-07-10 03:50:00,Other,太陽能(Solar),0.0,,,,,,
2025-07-10 04:00:00,Other,太陽能(Solar),0.0,,,,,,
2025-07-10 04:10:00,Other,太陽能(Solar),0.0,,,,,,
2025-07-10 04:20:00,Other,太陽能(Solar),0.0,,,,,,
2025-07-10 04:30:00,Other,太陽能(Solar),0.0,,,,,,
2025-07-10 04:40:00,Other,太陽能(Solar),0.0,,,,,,
2025-07-10 04:50:00,Other,太陽能(Solar),0.0,,,,,,
2025-07-10 05:00:00,Other,太陽能(Solar),1.811,,,,,,
2025-07-10 05:10:00,Other,太陽能(Solar),2.091,,,,,,
2025-07-10 05:20:00,Other,太陽能(Solar),2.091,,,,,,
2025-07-10 05:30:00,Other,太陽能(Solar),2.136,,,,,,
2025-07-10 05:40:00,Other,太陽能(Solar),3.612,,,,,,
2025-07-10 05:50:00,Other,太陽能(Solar),9.629,,,,,,
2025-07-10 06:00:00,Other,太陽能(Solar),17.837,,,,,,
2025-07-10 06:10:00,Other,太陽能(Solar),31.774,,,,,,
2025-07-10 06:20:00,Other,太陽能(Solar),54.801,,,,,,
2025-07-10 06:30:00,Other,太陽能(Solar),72.503,,,,,,
2025-07-10 06:40:00,Other,太陽能(Solar),93.201,,,,,,
2025-07-10 06:50:00,Other,太陽能(Solar),126.081,,,,,,
2025-07-10 07:00:00,Other,太陽能(Solar),168.128,,,,,,
2025-07-10 07:10:00,Other,太陽能(Solar),187.538,,,,,,
2025-07-10 07:20:00,Other,太陽能(Solar),214.427,,,,,,
2025-07-10 07:30:00,Other,太陽能(Solar),264.629,,,,,,
2025-07-10 07:40:00,Other,太陽能(Solar),273.284,,,,,,
2025-07-10 07:50:00,Other,太陽能(Solar),300.415,,,,,,
2025-07-10 08:00:00,Other,太陽能(Solar),351.244,,,,,,
2025-07-10 08:10:00,Other,太陽能(Solar),387.367,,,,,,
2025-07-10 08:20:00,Other,太陽能(Solar),405.844,,,,,,
2025-07-10 08:30:00,Other,太陽能(Solar),452.285,,,,,,
2025-07-10 08:40:00,Other,太陽能(Solar),511.103,,,,,,
2025-07-10 08:50:00,Other,太陽能(Solar),597.57,,,,,,
2025-07-10 09:00:00,Other,太陽能(Solar),646.104,,,,,,
2025-07-10 09:10:00,Other,太陽能(Solar),652.127,,,,,,
2025-07-10 09:20:00,Other,太陽能(Solar),717.409,,,,,,
2025-07-10 09:30:00,Other,太陽能(Solar),717.409,,,,,,
2025-07-10 09:40:00,Other,太陽能(Solar),778.082,,,,,,
2025-07-10 09:50:00,Other,太陽能(Solar),838.396,,,,,,
2025-07-10 10:00:00,Other,太陽能(Solar),892.345,,,,,,
2025-07-10 10:10:00,Other,太陽能(Solar),892.345,,,,,,
2025-07-10 10:20:00,Other,太陽能(Solar),994.747,,,,,,
2025-07-10 10:30:00,Other,太陽能(Solar),1188.131,,,,,,
2025-07-10 10:40:00,Other,太陽能(Solar),1237.663,,,,,,
2025-07-10 10:50:00,Other,太陽能(Solar),1342.097,,,,,,
2025-07-10 11:00:00,Other,太陽能(Solar),1471.23,,,,,,
2025-07-10 11:10:00,Other,太陽能(Solar),1574.721,,,,,,
2025-07-10 11:20:00,Other,太陽能(Solar),1579.63,,,,,,
2025-07-10 11:30:00,Other,太陽能(Solar),1497.222,,,,,,
2025-07-10 11:40:00,Other,太陽能(Solar),1397.007,,,,,,
2025-07-10 11:50:00,Other,太陽能(Solar),1379.162,,,,,,
2025-07-10 12:00:00,Other,太陽能(Solar),1420.5980000000002,,,,,,
2025-07-10 12:10:00,Other,太陽能(Solar),1420.5980000000002,,,,,,
2025-07-10 12:20:00,Other,太陽能(Solar),1364.4160000000002,,,,,,
2025-07-10 12:30:00,Other,太陽能(Solar),1497.281,,,,,,
2025-07-10 12:40:00,Other,太陽能(Solar),1572.151,,,,,,
2025-07-10 12:50:00,Other,太陽能(Solar),1708.477,,,,,,
2025-07-10 13:00:00,Other,太陽能(Solar),1685.303,,,,,,
2025-07-10 13:10:00,Other,太陽能(Solar),1605.918,,,,,,
2025-07-10 13:20:00,Other,太陽能(Solar),1576.783,,,,,,
2025-07-10 13:30:00,Other,太陽能(Solar),1754.964,,,,,,
2025-07-10 13:40:00,Other,太陽能(Solar),1859.903,,,,,,
2025-07-10 13:50:00,Other,太陽能(Solar),1934.023,,,,,,
2025-07-10 14:00:00,Other,太陽能(Solar),1967.824,,,,,,
2025-07-10 14:10:00,Other,太陽能(Solar),1910.201,,,,,,
2025-07-10 14:20:00,Other,太陽能(Solar),1849.923,,,,,,
2025-07-10 14:30:00,Other,太陽能(Solar),1754.917,,,,,,
2025-07-10 14:40:00,Other,太陽能(Solar),1694.643,,,,,,
2025-07-10 14:50:00,Other,太陽能(Solar),1659.284,,,,,,
2025-07-10 15:00:00,Other,太陽能(Solar),1512.6470000000002,,,,,,
2025-07-10 15:10:00,Other,太陽能(Solar),1351.965,,,,,,
2025-07-10 15:20:00,Other,太陽能(Solar),1295.26,,,,,,
2025-07-10 15:30:00,Other,太陽能(Solar),1221.781,,,,,,
2025-07-10 15:40:00,Other,太陽能(Solar),1159.1139999999998,,,,,,
2025-07-10 15:50:00,Other,太陽能(Solar),1082.485,,,,,,
2025-07-10 16:00:00,Other,太陽能(Solar),937.89,,,,,,
2025-07-10 16:10:00,Other,太陽能(Solar),814.904,,,,,,
2025-07-10 16:20:00,Other,太陽能(Solar),715.203,,,,,,
2025-07-10 16:30:00,Other,太陽能(Solar),641.259,,,,,,
2025-07-10 16:40:00,Other,太陽能(Solar),641.259,,,,,,
2025-07-10 16:50:00,Other,太陽能(Solar),612.264,,,,,,
2025-07-10 17:00:00,Other,太陽能(Solar),579.9110000000001,,,,,,
2025-07-10 17:10:00,Other,太陽能(Solar),593.0730000000001,,,,,,
2025-07-10 17:20:00,Other,太陽能(Solar),548.102,,,,,,
2025-07-10 17:30:00,Other,太陽能(Solar),488.815,,,,,,
2025-07-10 17:40:00,Other,太陽能(Solar),438.262,,,,,,
2025-07-10 17:50:00,Other,太陽能(Solar),387.643,,,,,,
2025-07-10 18:00:00,Other,太陽能(Solar),315.45300000000003,,,,,,
2025-07-10 18:10:00,Other,太陽能(Solar),220.189,,,,,,
2025-07-10 18:20:00,Other,太陽能(Solar),158.072,,,,,,
2025-07-10 18:30:00,Other,太陽能(Solar),59.259,,,,,,
2025-07-10 18:40:00,Other,太陽能(Solar),38.221,,,,,,
2025-07-10 18:50:00,Other,太陽能(Solar),23.996,,,,,,
2025-07-10 19:00:00,Other,太陽能(Solar),0.0,,,,,,
2025-07-10 19:10:00,Other,太陽能(Solar),0.0,,,,,,
2025-07-10 19:20:00,Other,太陽能(Solar),0.0,,,,,,
2025-07-10 19:30:00,Other,太陽能(Solar),0.0,,,,,,
2025-07-10 19:40:00,Other,太陽能(Solar),0.0,,,,,,
2025-07-10 19:50:00,Other,太陽能(Solar),0.0,,,,,,
2025-07-10 20:00:00,Other,太陽能(Solar),0.0,,,,,,
2025-07-10 20:10:00,Other,太陽能(Solar),0.0,,,,,,
2025-07-10 20:20:00,Other,太陽能(Solar),0.0,,,,,,
2025-07-10 20:30:00,Other,太陽能(Solar),0.0,,,,,,
2025-07-10 20:40:00,Other,太陽能(Solar),0.0,,,,,,
2025-07-10 20:50:00,Other,太陽能(Solar),0.0,,,,,,
2025-07-10 21:00:00,Other,太陽能(Solar),0.0,,,,,,
2025-07-10 21:10:00,Other,太陽能(Solar),0.0,,,,,,
2025-07-10 21:20:00,Other,太陽能(Solar),0.0,,,,,,
2025-07-10 21:30:00,Other,太陽能(Solar),0.0,,,,,,
2025-07-10 21:40:00,Other,太陽能(Solar),0.0,,,,,,
2025-07-10 21:50:00,Other,太陽能(Solar),0.0,,,,,,
2025-07-10 22:00:00,Other,太陽能(Solar),0.0,,,,,,
2025-07-10 22:10:00,Other,太陽能(Solar),0.0,,,,,,
2025-07-10 22:20:00,Other,太陽能(Solar),0.0,,,,,,
2025-07-10 22:30:00,Other,太陽能(Solar),0.0,,,,,,
2025-07-10 22:40:00,Other,太陽能(Solar),0.0,,,,,,
2025-07-10 22:50:00,Other,太陽能(Solar),0.0,,,,,,
2025-07-10 23:00:00,Other,太陽能(Solar),0.0,,,,,,
2025-07-10 23:10:00,Other,太陽能(Solar),0.0,,,,,,
2025-07-10 23:20:00,Other,太陽能(Solar),0.0,,,,,,
2025-07-10 23:30:00,Other,太陽能(Solar),0.0,,,,,,
2025-07-10 23:40:00,Other,太陽能(Solar),0.0,,,,,,
2025-07-10 23:50:00,Other,太陽能(Solar),0.0,,,,,,
2025-07-11 00:00:00,Other,太陽能(Solar),0.0,,,,,,
2025-07-11 00:10:00,Other,太陽能(Solar),0.0,,,,,,
2025-07-11 00:20:00,Other,太陽能(Solar),0.0,,,,,,
2025-07-11 00:30:00,Other,太陽能(Solar),0.0,,,,,,
2025-07-11 00:40:00,Other,太陽能(Solar),0.0,,,,,,
2025-07-11 00:50:00,Other,太陽能(Solar),0.0,,,,,,
2025-07-11 01:00:00,Other,太陽能(Solar),0.0,,,,,,
2025-07-11 01:10:00,Other,太陽能(Solar),0.0,,,,,,
2025-07-11 01:20:00,Other,太陽能(Solar),0.0,,,,,,
2025-07-11 01:30:00,Other,太陽能(Solar),0.0,,,,,,
2025-07-11 01:40:00,Other,太陽能(Solar),0.0,,,,,,
2025-07-11 01:50:00,Other,太陽能(Solar),0.0,,,,,,
2025-07-11 02:00:00,Other,太陽能(Solar),0.0,,,,,,
2025-07-11 02:10:00,Other,太陽能(Solar),0.0,,,,,,
2025-07-11 02:20:00,Other,太陽能(Solar),0.0,,,,,,
2025-07-11 02:30:00,Other,太陽能(Solar),0.0,,,,,,
2025-07-11 02:40:00,Other,太陽能(Solar),0.0,,,,,,
2025-07-11 02:50:00,Other,太陽能(Solar),0.0,,,,,,
2025-07-11 03:00:00,Other,太陽能(Solar),0.0,,,,,,
2025-07-11 03:10:00,Other,太陽能(Solar),0.0,,,,,,
2025-07-11 03:20:00,Other,太陽能(Solar),0.0,,,,,,
2025-07-11 03:30:00,Other,太陽能(Solar),0.0,,,,,,
2025-07-11 03:40:00,Other,太陽能(Solar),0.0,,,,,,
2025-07-11 03:50:00,Other,太陽能(Solar),0.0,,,,,,
2025-07-11 04:00:00,Other,太陽能(Solar),0.0,,,,,,
2025-07-11 04:10:00,Other,太陽能(Solar),0.0,,,,,,
2025-07-11 04:20:00,Other,太陽能(Solar),0.0,,,,,,
2025-07-11 04:30:00,Other,太陽能(Solar),0.0,,,,,,
2025-07-11 04:40:00,Other,太陽能(Solar),0.0,,,,,,
2025-07-11 04:50:00,Other,太陽能(Solar),0.0,,,,,,
2025-07-11 05:00:00,Other,太陽能(Solar),2.275,,,,,,
2025-07-11 05:10:00,Other,太陽能(Solar),2.275,,,,,,
2025-07-11 05:20:00,Other,太陽能(Solar),2.275,,,,,,
2025-07-11 05:30:00,Other,太陽能(Solar),2.283,,,,,,
2025-07-11 05:40:00,Other,太陽能(Solar),8.356,,,,,,
2025-07-11 05:50:00,Other,太陽能(Solar),37.142,,,,,,
2025-07-11 06:00:00,Other,太陽能(Solar),82.565,,,,,,
2025-07-11 06:10:00,Other,太陽能(Solar),131.568,,,,,,
2025-07-11 06:20:00,Other,太陽能(Solar),204.642,,,,,,
2025-07-11 06:30:00,Other,太陽能(Solar),278.023,,,,,,
2025-07-11 06:40:00,Other,太陽能(Solar),341.984,,,,,,
2025-07-11 06:50:00,Other,太陽能(Solar),422.161,,,,,,
2025-07-11 07:00:00,Other,太陽能(Solar),557.9920000000001,,,,,,
2025-07-11 07:10:00,Other,太陽能(Solar),668.41,,,,,,
2025-07-11 07:20:00,Other,太陽能(Solar),784.041,,,,,,
2025-07-11 07:30:00,Other,太陽能(Solar),892.162,,,,,,
2025-07-11 07:40:00,Other,太陽能(Solar),1015.75,,,,,,
2025-07-11 07:50:00,Other,太陽能(Solar),1226.8370000000002,,,,,,
2025-07-11 08:00:00,Other,太陽能(Solar),1477.01,,,,,,
2025-07-11 08:10:00,Other,太陽能(Solar),1634.015,,,,,,
2025-07-11 08:20:00,Other,太陽能(Solar),1913.844,,,,,,
2025-07-11 08:30:00,Other,太陽能(Solar),2172.028,,,,,,
2025-07-11 08:40:00,Other,太陽能(Solar),2568.479,,,,,,
2025-07-11 08:50:00,Other,太陽能(Solar),2700.203,,,,,,
2025-07-11 09:00:00,Other,太陽能(Solar),2945.4170000000004,,,,,,
2025-07-11 09:10:00,Other,太陽能(Solar),3040.972,,,,,,
2025-07-11 09:20:00,Other,太陽能(Solar),3034.26,,,,,,
2025-07-11 09:30:00,Other,太陽能(Solar),3252.982,,,,,,
2025-07-11 09:40:00,Other,太陽能(Solar),3252.982,,,,,,
2025-07-11 09:50:00,Other,太陽能(Solar),3615.041,,,,,,
2025-07-11 10:00:00,Other,太陽能(Solar),3988.686,,,,,,
2025-07-11 10:10:00,Other,太陽能(Solar),3804.133,,,,,,
2025-07-11 10:20:00,Other,太陽能(Solar),3774.768,,,,,,
2025-07-11 10:30:00,Other,太陽能(Solar),3729.352,,,,,,
2025-07-11 10:40:00,Other,太陽能(Solar),4042.526,,,,,,
2025-07-11 10:50:00,Other,太陽能(Solar),3838.435,,,,,,
2025-07-11 11:00:00,Other,太陽能(Solar),3622.797,,,,,,
2025-07-11 11:10:00,Other,太陽能(Solar),3786.161,,,,,,
2025-07-11 11:20:00,Other,太陽能(Solar),3930.587,,,,,,
2025-07-11 11:30:00,Other,太陽能(Solar),3955.646,,,,,,
2025-07-11 11:40:00,Other,太陽能(Solar),4218.626,,,,,,
2025-07-11 11:50:00,Other,太陽能(Solar),4323.885,,,,,,
2025-07-11 12:00:00,Other,太陽能(Solar),4309.710999999999,,,,,,
2025-07-11 12:10:00,Other,太陽能(Solar),4309.710999999999,,,,,,
2025-07-11 12:20:00,Other,太陽能(Solar),4318.996,,,,,,
2025-07-11 12:30:00,Other,太陽能(Solar),4081.895,,,,,,
2025-07-11 12:40:00,Other,太陽能(Solar),3923.776,,,,,,
2025-07-11 12:50:00,Other,太陽能(Solar),3619.003,,,,,,
2025-07-11 13:00:00,Other,太陽能(Solar),3498.487,,,,,,
2025-07-11 13:10:00,Other,太陽能(Solar),3145.254,,,,,,
2025-07-11 13:20:00,Other,太陽能(Solar),3015.343,,,,,,
2025-07-11 13:30:00,Other,太陽能(Solar),2955.576,,,,,,
2025-07-11 13:40:00,Other,太陽能(Solar),2866.087,,,,,,
2025-07-11 13:50:00,Other,太陽能(Solar),2758.5350000000003,,,,,,
2025-07-11 14:00:00,Other,太陽能(Solar),2665.228,,,,,,
2025-07-11 14:10:00,Other,太陽能(Solar),2469.758,,,,,,
2025-07-11 14:20:00,Other,太陽能(Solar),2166.5530000000003,,,,,,
2025-07-11 14:30:00,Other,太陽能(Solar),1863.42,,,,,,
2025-07-11 14:40:00,Other,太陽能(Solar),1522.508,,,,,,
2025-07-11 14:50:00,Other,太陽能(Solar),1419.402,,,,,,
2025-07-11 15:00:00,Other,太陽能(Solar),1581.112,,,,,,
2025-07-11 15:10:00,Other,太陽能(Solar),1551.857,,,,,,
2025-07-11 15:20:00,Other,太陽能(Solar),1439.471,,,,,,
2025-07-11 15:30:00,Other,太陽能(Solar),1329.53,,,,,,
2025-07-11 15:40:00,Other,太陽能(Solar),1299.775,,,,,,
2025-07-11 15:50:00,Other,太陽能(Solar),1292.312,,,,,,
2025-07-11 16:00:00,Other,太陽能(Solar),1288.953,,,,,,
2025-07-11 16:10:00,Other,太陽能(Solar),1259.769,,,,,,
2025-07-11 16:20:00,Other,太陽能(Solar),1251.581,,,,,,
2025-07-11 16:30:00,Other,太陽能(Solar),1148.96,,,,,,
2025-07-11 16:40:00,Other,太陽能(Solar),1051.947,,,,,,
2025-07-11 16:50:00,Other,太陽能(Solar),984.958,,,,,,
2025-07-11 17:00:00,Other,太陽能(Solar),928.53,,,,,,
2025-07-11 17:10:00,Other,太陽能(Solar),856.562,,,,,,
2025-07-11 17:20:00,Other,太陽能(Solar),745.6759999999999,,,,,,
2025-07-11 17:30:00,Other,太陽能(Solar),616.243,,,,,,
2025-07-11 17:40:00,Other,太陽能(Solar),481.347,,,,,,
2025-07-11 17:50:00,Other,太陽能(Solar),430.164,,,,,,
2025-07-11 18:00:00,Other,太陽能(Solar),307.805,,,,,,
2025-07-11 18:10:00,Other,太陽能(Solar),245.264,,,,,,
2025-07-11 18:20:00,Other,太陽能(Solar),155.503,,,,,,
2025-07-11 18:30:00,Other,太陽能(Solar),65.251,,,,,,
2025-07-11 18:40:00,Other,太陽能(Solar),9.97,,,,,,
2025-07-11 18:50:00,Other,太陽能(Solar),2.776,,,,,,
2025-07-11 19:00:00,Other,太陽能(Solar),0.0,,,,,,
2025-07-11 19:10:00,Other,太陽能(Solar),0.0,,,,,,
2025-07-11 19:20:00,Other,太陽能(Solar),0.0,,,,,,
2025-07-11 19:30:00,Other,太陽能(Solar),0.0,,,,,,
2025-07-11 19:40:00,Other,太陽能(Solar),0.0,,,,,,
2025-07-11 19:50:00,Other,太陽能(Solar),0.0,,,,,,
2025-07-11 20:00:00,Other,太陽能(Solar),0.0,,,,,,
2025-07-11 20:10:00,Other,太陽能(Solar),0.0,,,,,,
2025-07-11 20:20:00,Other,太陽能(Solar),0.0,,,,,,
2025-07-11 20:30:00,Other,太陽能(Solar),0.0,,,,,,
2025-07-11 20:40:00,Other,太陽能(Solar),0.0,,,,,,
2025-07-11 20:50:00,Other,太陽能(Solar),0.0,,,,,,
2025-07-11 21:00:00,Other,太陽能(Solar),0.0,,,,,,
2025-07-11 21:10:00,Other,太陽能(Solar),0.0,,,,,,
2025-07-11 21:20:00,Other,太陽能(Solar),0.0,,,,,,
2025-07-11 21:30:00,Other,太陽能(Solar),0.0,,,,,,
2025-07-11 21:40:00,Other,太陽能(Solar),0.0,,,,,,
2025-07-11 21:50:00,Other,太陽能(Solar),0.0,,,,,,
2025-07-11 22:00:00,Other,太陽能(Solar),0.0,,,,,,
2025-07-11 22:10:00,Other,太陽能(Solar),0.0,,,,,,
2025-07-11 22:20:00,Other,太陽能(Solar),0.0,,,,,,
2025-07-11 22:30:00,Other,太陽能(Solar),0.0,,,,,,
2025-07-11 22:40:00,Other,太陽能(Solar),0.0,,,,,,
2025-07-11 22:50:00,Other,太陽能(Solar),0.0,,,,,,
2025-07-11 23:00:00,Other,太陽能(Solar),0.0,,,,,,
2025-07-11 23:10:00,Other,太陽能(Solar),0.0,,,,,,
2025-07-11 23:20:00,Other,太陽能(Solar),0.0,,,,,,
2025-07-11 23:30:00,Other,太陽能(Solar),0.0,,,,,,
2025-07-11 23:40:00,Other,太陽能(Solar),0.0,,,,,,
2025-07-11 23:50:00,Other,太陽能(Solar),0.0,,,,,,
2025-07-12 00:00:00,Other,太陽能(Solar),0.0,,,,,,
2025-07-12 00:10:00,Other,太陽能(Solar),0.0,,,,,,
2025-07-12 00:20:00,Other,太陽能(Solar),0.0,,,,,,
2025-07-12 00:30:00,Other,太陽能(Solar),0.0,,,,,,
2025-07-12 00:40:00,Other,太陽能(Solar),0.0,,,,,,
2025-07-12 00:50:00,Other,太陽能(Solar),0.0,,,,,,
2025-07-12 01:00:00,Other,太陽能(Solar),0.0,,,,,,
2025-07-12 01:10:00,Other,太陽能(Solar),0.0,,,,,,
2025-07-12 01:20:00,Other,太陽能(Solar),0.0,,,,,,
2025-07-12 01:30:00,Other,太陽能(Solar),0.0,,,,,,
2025-07-12 01:40:00,Other,太陽能(Solar),0.0,,,,,,
2025-07-12 01:50:00,Other,太陽能(Solar),0.0,,,,,,
2025-07-12 02:00:00,Other,太陽能(Solar),0.0,,,,,,
2025-07-12 02:10:00,Other,太陽能(Solar),0.0,,,,,,
2025-07-12 02:20:00,Other,太陽能(Solar),0.0,,,,,,
2025-07-12 02:30:00,Other,太陽能(Solar),0.0,,,,,,
2025-07-12 02:40:00,Other,太陽能(Solar),0.0,,,,,,
2025-07-12 02:50:00,Other,太陽能(Solar),0.0,,,,,,
2025-07-12 03:00:00,Other,太陽能(Solar),0.0,,,,,,
2025-07-12 03:10:00,Other,太陽能(Solar),0.0,,,,,,
2025-07-12 03:20:00,Other,太陽能(Solar),0.0,,,,,,
2025-07-12 03:30:00,Other,太陽能(Solar),0.0,,,,,,
2025-07-12 03:40:00,Other,太陽能(Solar),0.0,,,,,,
2025-07-12 03:50:00,Other,太陽能(Solar),0.0,,,,,,
2025-07-12 04:00:00,Other,太陽能(Solar),0.0,,,,,,
2025-07-12 04:10:00,Other,太陽能(Solar),0.0,,,,,,
2025-07-12 04:20:00,Other,太陽能(Solar),0.0,,,,,,
2025-07-12 04:30:00,Other,太陽能(Solar),0.0,,,,,,
2025-07-12 04:40:00,Other,太陽能(Solar),0.0,,,,,,
2025-07-12 04:50:00,Other,太陽能(Solar),0.0,,,,,,
2025-07-12 05:00:00,Other,太陽能(Solar),0.0,,,,,,
2025-07-12 05:10:00,Other,太陽能(Solar),0.0,,,,,,
2025-07-12 05:20:00,Other,太陽能(Solar),0.002,,,,,,
2025-07-12 05:30:00,Other,太陽能(Solar),0.014,,,,,,
2025-07-12 05:40:00,Other,太陽能(Solar),16.465,,,,,,
2025-07-12 05:50:00,Other,太陽能(Solar),123.532,,,,,,
2025-07-12 06:00:00,Other,太陽能(Solar),244.901,,,,,,
2025-07-12 06:10:00,Other,太陽能(Solar),357.42900000000003,,,,,,
2025-07-12 06:20:00,Other,太陽能(Solar),487.696,,,,,,
2025-07-12 06:30:00,Other,太陽能(Solar),663.806,,,,,,
2025-07-12 06:40:00,Other,太陽能(Solar),953.381,,,,,,
2025-07-12 06:50:00,Other,太陽能(Solar),1216.942,,,,,,
2025-07-12 07:00:00,Other,太陽能(Solar),1488.575,,,,,,
2025-07-12 07:10:00,Other,太陽能(Solar),1815.476,,,,,,
2025-07-12 07:20:00,Other,太陽能(Solar),2092.733,,,,,,
2025-07-12 07:30:00,Other,太陽能(Solar),2327.229,,,,,,
2025-07-12 07:40:00,Other,太陽能(Solar),2580.833,,,,,,
2025-07-12 07:50:00,Other,太陽能(Solar),2922.734,,,,,,
2025-07-12 08:00:00,Other,太陽能(Solar),3176.848,,,,,,
2025-07-12 08:10:00,Other,太陽能(Solar),3431.925,,,,,,
2025-07-12 08:20:00,Other,太陽能(Solar),3708.051,,,,,,
2025-07-12 08:30:00,Other,太陽能(Solar),3967.281,,,,,,
2025-07-12 08:40:00,Other,太陽能(Solar),4249.328,,,,,,
2025-07-12 08:50:00,Other,太陽能(Solar),4249.328,,,,,,
2025-07-12 09:00:00,Other,太陽能(Solar),4509.036,,,,,,
2025-07-12 09:10:00,Other,太陽能(Solar),4720.947,,,,,,
2025-07-12 09:20:00,Other,太陽能(Solar),4941.416,,,,,,
2025-07-12 09:30:00,Other,太陽能(Solar),5145.226,,,,,,
2025-07-12 09:40:00,Other,太陽能(Solar),5204.069,,,,,,
2025-07-12 09:50:00,Other,太陽能(Solar),5425.0650000000005,,,,,,
2025-07-12 10:00:00,Other,太陽能(Solar),5505.212,,,,,,
2025-07-12 10:10:00,Other,太陽能(Solar),5655.241,,,,,,
2025-07-12 10:20:00,Other,太陽能(Solar),5970.427,,,,,,
2025-07-12 10:30:00,Other,太陽能(Solar),6153.857,,,,,,
2025-07-12 10:40:00,Other,太陽能(Solar),6295.254999999999,,,,,,
2025-07-12 10:50:00,Other,太陽能(Solar),6564.901,,,,,,
2025-07-12 11:00:00,Other,太陽能(Solar),6601.595,,,,,,
2025-07-12 11:10:00,Other,太陽能(Solar),6606.968,,,,,,
2025-07-12 11:20:00,Other,太陽能(Solar),6600.529,,,,,,
2025-07-12 11:30:00,Other,太陽能(Solar),6757.31,,,,,,
2025-07-12 11:40:00,Other,太陽能(Solar),6847.362,,,,,,
2025-07-12 11:50:00,Other,太陽能(Solar),6712.018,,,,,,
2025-07-12 12:00:00,Other,太陽能(Solar),6683.956,,,,,,
2025-07-12 12:10:00,Other,太陽能(Solar),6792.178,,,,,,
2025-07-12 12:20:00,Other,太陽能(Solar),6682.133,,,,,,
2025-07-12 12:30:00,Other,太陽能(Solar),6657.897,,,,,,
2025-07-12 12:40:00,Other,太陽能(Solar),6482.825,,,,,,
2025-07-12 12:50:00,Other,太陽能(Solar),6434.501,,,,,,
2025-07-12 13:00:00,Other,太陽能(Solar),6162.563,,,,,,
2025-07-12 13:10:00,Other,太陽能(Solar),6114.247,,,,,,
2025-07-12 13:20:00,Other,太陽能(Solar),6147.796,,,,,,
2025-07-12 13:30:00,Other,太陽能(Solar),6033.569,,,,,,
2025-07-12 13:40:00,Other,太陽能(Solar),6057.185,,,,,,
2025-07-12 13:50:00,Other,太陽能(Solar),5796.323,,,,,,
2025-07-12 14:00:00,Other,太陽能(Solar),5689.085,,,,,,
2025-07-12 14:10:00,Other,太陽能(Solar),5651.385,,,,,,
2025-07-12 14:20:00,Other,太陽能(Solar),5531.709,,,,,,
2025-07-12 14:30:00,Other,太陽能(Solar),5459.723,,,,,,
2025-07-12 14:40:00,Other,太陽能(Solar),5434.802,,,,,,
2025-07-12 14:50:00,Other,太陽能(Solar),5278.106000000001,,,,,,
2025-07-12 15:00:00,Other,太陽能(Solar),5021.649,,,,,,
2025-07-12 15:10:00,Other,太陽能(Solar),4905.137000000001,,,,,,
2025-07-12 15:20:00,Other,太陽能(Solar),4698.331999999999,,,,,,
2025-07-12 15:30:00,Other,太陽能(Solar),4472.606,,,,,,
2025-07-12 15:40:00,Other,太陽能(Solar),4429.268,,,,,,
2025-07-12 15:50:00,Other,太陽能(Solar),4188.4,,,,,,
2025-07-12 16:00:00,Other,太陽能(Solar),3854.276,,,,,,
2025-07-12 16:10:00,Other,太陽能(Solar),3510.529,,,,,,
2025-07-12 16:20:00,Other,太陽能(Solar),3301.322,,,,,,
2025-07-12 16:30:00,Other,太陽能(Solar),2961.545,,,,,,
2025-07-12 16:40:00,Other,太陽能(Solar),2668.218,,,,,,
2025-07-12 16:50:00,Other,太陽能(Solar),2222.346,,,,,,
2025-07-12 17:00:00,Other,太陽能(Solar),2106.864,,,,,,
2025-07-12 17:10:00,Other,太陽能(Solar),1921.224,,,,,,
2025-07-12 17:20:00,Other,太陽能(Solar),1766.096,,,,,,
2025-07-12 17:30:00,Other,太陽能(Solar),1449.965,,,,,,
2025-07-12 17:40:00,Other,太陽能(Solar),1218.535,,,,,,
2025-07-12 17:50:00,Other,太陽能(Solar),1056.4,,,,,,
2025-07-12 18:00:00,Other,太陽能(Solar),823.779,,,,,,
2025-07-12 18:10:00,Other,太陽能(Solar),602.028,,,,,,
2025-07-12 18:20:00,Other,太陽能(Solar),414.604,,,,,,
2025-07-12 18:30:00,Other,太陽能(Solar),256.099,,,,,,
2025-07-12 18:40:00,Other,太陽能(Solar),87.16600000000001,,,,,,
2025-07-12 18:50:00,Other,太陽能(Solar),10.039,,,,,,
2025-07-12 19:00:00,Other,太陽能(Solar),0.0,,,,,,
2025-07-12 19:10:00,Other,太陽能(Solar),0.0,,,,,,
2025-07-12 19:20:00,Other,太陽能(Solar),0.0,,,,,,
2025-07-12 19:30:00,Other,太陽能(Solar),0.0,,,,,,
2025-07-12 19:40:00,Other,太陽能(Solar),0.0,,,,,,
2025-07-12 19:50:00,Other,太陽能(Solar),0.0,,,,,,
2025-07-12 20:00:00,Other,太陽能(Solar),0.0,,,,,,
2025-07-12 20:10:00,Other,太陽能(Solar),0.0,,,,,,
2025-07-12 20:20:00,Other,太陽能(Solar),0.0,,,,,,
2025-07-12 20:30:00,Other,太陽能(Solar),0.0,,,,,,
2025-07-12 20:40:00,Other,太陽能(Solar),0.0,,,,,,
2025-07-12 20:50:00,Other,太陽能(Solar),0.0,,,,,,
2025-07-12 21:00:00,Other,太陽能(Solar),0.0,,,,,,
2025-07-12 21:10:00,Other,太陽能(Solar),0.0,,,,,,
2025-07-12 21:20:00,Other,太陽能(Solar),0.0,,,,,,
2025-07-12 21:30:00,Other,太陽能(Solar),0.0,,,,,,
2025-07-12 21:40:00,Other,太陽能(Solar),0.0,,,,,,
2025-07-12 21:50:00,Other,太陽能(Solar),0.0,,,,,,
2025-07-12 22:00:00,Other,太陽能(Solar),0.0,,,,,,
2025-07-12 22:10:00,Other,太陽能(Solar),0.0,,,,,,
2025-07-12 22:20:00,Other,太陽能(Solar),0.0,,,,,,
2025-07-12 22:30:00,Other,太陽能(Solar),0.0,,,,,,
2025-07-12 22:40:00,Other,太陽能(Solar),0.0,,,,,,
2025-07-12 22:50:00,Other,太陽能(Solar),0.0,,,,,,
2025-07-12 23:00:00,Other,太陽能(Solar),0.0,,,,,,
2025-07-12 23:10:00,Other,太陽能(Solar),0.0,,,,,,
2025-07-12 23:20:00,Other,太陽能(Solar),0.0,,,,,,
2025-07-12 23:30:00,Other,太陽能(Solar),0.0,,,,,,
2025-07-12 23:40:00,Other,太陽能(Solar),0.0,,,,,,
2025-07-12 23:50:00,Other,太陽能(Solar),0.0,,,,,,
2025-07-13 00:00:00,Other,太陽能(Solar),0.0,,,,,,
2025-07-13 00:10:00,Other,太陽能(Solar),0.0,,,,,,
2025-07-13 00:20:00,Other,太陽能(Solar),0.0,,,,,,
2025-07-13 00:30:00,Other,太陽能(Solar),0.0,,,,,,
2025-07-13 00:40:00,Other,太陽能(Solar),0.0,,,,,,
2025-07-13 00:50:00,Other,太陽能(Solar),0.0,,,,,,
2025-07-13 01:00:00,Other,太陽能(Solar),0.0,,,,,,
2025-07-13 01:10:00,Other,太陽能(Solar),0.0,,,,,,
2025-07-13 01:20:00,Other,太陽能(Solar),0.0,,,,,,
2025-07-13 01:30:00,Other,太陽能(Solar),0.0,,,,,,
2025-07-13 01:40:00,Other,太陽能(Solar),0.0,,,,,,
2025-07-13 01:50:00,Other,太陽能(Solar),0.0,,,,,,
2025-07-13 02:00:00,Other,太陽能(Solar),0.0,,,,,,
2025-07-13 02:10:00,Other,太陽能(Solar),0.0,,,,,,
2025-07-13 02:20:00,Other,太陽能(Solar),0.0,,,,,,
2025-07-13 02:30:00,Other,太陽能(Solar),0.0,,,,,,
2025-07-13 02:40:00,Other,太陽能(Solar),0.0,,,,,,
2025-07-13 02:50:00,Other,太陽能(Solar),0.0,,,,,,
2025-07-13 03:00:00,Other,太陽能(Solar),0.0,,,,,,
2025-07-13 03:10:00,Other,太陽能(Solar),0.0,,,,,,
2025-07-13 03:20:00,Other,太陽能(Solar),0.0,,,,,,
2025-07-13 03:30:00,Other,太陽能(Solar),0.0,,,,,,
2025-07-13 03:40:00,Other,太陽能(Solar),0.0,,,,,,
2025-07-13 03:50:00,Other,太陽能(Solar),0.0,,,,,,
2025-07-13 04:00:00,Other,太陽能(Solar),0.0,,,,,,
2025-07-13 04:10:00,Other,太陽能(Solar),0.0,,,,,,
2025-07-13 04:20:00,Other,太陽能(Solar),0.0,,,,,,
2025-07-13 04:30:00,Other,太陽能(Solar),0.0,,,,,,
2025-07-13 04:40:00,Other,太陽能(Solar),0.0,,,,,,
2025-07-13 04:50:00,Other,太陽能(Solar),0.0,,,,,,
2025-07-13 05:00:00,Other,太陽能(Solar),0.006,,,,,,
2025-07-13 05:10:00,Other,太陽能(Solar),0.006,,,,,,
2025-07-13 05:20:00,Other,太陽能(Solar),0.006,,,,,,
2025-07-13 05:30:00,Other,太陽能(Solar),0.017,,,,,,
2025-07-13 05:40:00,Other,太陽能(Solar),0.051,,,,,,
2025-07-13 05:50:00,Other,太陽能(Solar),73.39999999999999,,,,,,
2025-07-13 06:00:00,Other,太陽能(Solar),187.193,,,,,,
2025-07-13 06:10:00,Other,太陽能(Solar),353.612,,,,,,
2025-07-13 06:20:00,Other,太陽能(Solar),557.95,,,,,,
2025-07-13 06:30:00,Other,太陽能(Solar),716.26,,,,,,
2025-07-13 06:40:00,Other,太陽能(Solar),980.983,,,,,,
2025-07-13 06:50:00,Other,太陽能(Solar),1262.056,,,,,,
2025-07-13 07:00:00,Other,太陽能(Solar),1566.555,,,,,,
2025-07-13 07:10:00,Other,太陽能(Solar),1920.356,,,,,,
2025-07-13 07:20:00,Other,太陽能(Solar),2335.295,,,,,,
2025-07-13 07:30:00,Other,太陽能(Solar),2676.722,,,,,,
2025-07-13 07:40:00,Other,太陽能(Solar),2835.457,,,,,,
2025-07-13 07:50:00,Other,太陽能(Solar),3147.933,,,,,,
2025-07-13 08:00:00,Other,太陽能(Solar),3435.684,,,,,,
2025-07-13 08:10:00,Other,太陽能(Solar),3645.633,,,,,,
2025-07-13 08:20:00,Other,太陽能(Solar),3973.366,,,,,,
2025-07-13 08:30:00,Other,太陽能(Solar),4154.144,,,,,,
2025-07-13 08:40:00,Other,太陽能(Solar),4154.144,,,,,,
2025-07-13 08:50:00,Other,太陽能(Solar),4464.483,,,,,,
2025-07-13 09:00:00,Other,太陽能(Solar),4538.495000000001,,,,,,
2025-07-13 09:10:00,Other,太陽能(Solar),4690.039,,,,,,
2025-07-13 09:20:00,Other,太陽能(Solar),4876.714,,,,,,
2025-07-13 09:30:00,Other,太陽能(Solar),4883.991,,,,,,
2025-07-13 09:40:00,Other,太陽能(Solar),5043.363,,,,,,
2025-07-13 09:50:00,Other,太陽能(Solar),5165.448,,,,,,
2025-07-13 10:00:00,Other,太陽能(Solar),5171.91,,,,,,
2025-07-13 10:10:00,Other,太陽能(Solar),5364.228,,,,,,
2025-07-13 10:20:00,Other,太陽能(Solar),5577.998,,,,,,
2025-07-13 10:30:00,Other,太陽能(Solar),5657.7,,,,,,
2025-07-13 10:40:00,Other,太陽能(Solar),5787.286999999999,,,,,,
2025-07-13 10:50:00,Other,太陽能(Solar),6082.397000000001,,,,,,
2025-07-13 11:00:00,Other,太陽能(Solar),6203.202,,,,,,
2025-07-13 11:10:00,Other,太陽能(Solar),6262.856,,,,,,
2025-07-13 11:20:00,Other,太陽能(Solar),6413.784,,,,,,
2025-07-13 11:30:00,Other,太陽能(Solar),6555.32,,,,,,
2025-07-13 11:40:00,Other,太陽能(Solar),6478.449,,,,,,
2025-07-13 11:50:00,Other,太陽能(Solar),6440.149,,,,,,
2025-07-13 12:00:00,Other,太陽能(Solar),6642.474,,,,,,
2025-07-13 12:10:00,Other,太陽能(Solar),6534.030000000001,,,,,,
2025-07-13 12:20:00,Other,太陽能(Solar),6830.708,,,,,,
2025-07-13 12:30:00,Other,太陽能(Solar),6801.491000000001,,,,,,
2025-07-13 12:40:00,Other,太陽能(Solar),6876.869,,,,,,
2025-07-13 12:50:00,Other,太陽能(Solar),6924.871,,,,,,
2025-07-13 13:00:00,Other,太陽能(Solar),6898.148,,,,,,
2025-07-13 13:10:00,Other,太陽能(Solar),6959.896,,,,,,
2025-07-13 13:20:00,Other,太陽能(Solar),6787.981,,,,,,
2025-07-13 13:30:00,Other,太陽能(Solar),6824.135,,,,,,
2025-07-13 13:40:00,Other,太陽能(Solar),6980.025,,,,,,
2025-07-13 13:50:00,Other,太陽能(Solar),6903.914,,,,,,
2025-07-13 14:00:00,Other,太陽能(Solar),6956.496,,,,,,
2025-07-13 14:10:00,Other,太陽能(Solar),6740.904,,,,,,
2025-07-13 14:20:00,Other,太陽能(Solar),6678.013,,,,,,
2025-07-13 14:30:00,Other,太陽能(Solar),6560.941,,,,,,
2025-07-13 14:40:00,Other,太陽能(Solar),6396.507,,,,,,
2025-07-13 14:50:00,Other,太陽能(Solar),6256.793,,,,,,
2025-07-13 15:00:00,Other,太陽能(Solar),6065.511,,,,,,
2025-07-13 15:10:00,Other,太陽能(Solar),5837.148,,,,,,
2025-07-13 15:20:00,Other,太陽能(Solar),5715.741,,,,,,
2025-07-13 15:30:00,Other,太陽能(Solar),5477.308999999999,,,,,,
2025-07-13 15:40:00,Other,太陽能(Solar),5236.528,,,,,,
2025-07-13 15:50:00,Other,太陽能(Solar),4983.201,,,,,,
2025-07-13 16:00:00,Other,太陽能(Solar),4659.471,,,,,,
2025-07-13 16:10:00,Other,太陽能(Solar),4576.339,,,,,,
2025-07-13 16:20:00,Other,太陽能(Solar),4263.173000000001,,,,,,
2025-07-13 16:30:00,Other,太陽能(Solar),3928.525,,,,,,
2025-07-13 16:40:00,Other,太陽能(Solar),3580.112,,,,,,
2025-07-13 16:50:00,Other,太陽能(Solar),3290.097,,,,,,
2025-07-13 17:00:00,Other,太陽能(Solar),2940.945,,,,,,
2025-07-13 17:10:00,Other,太陽能(Solar),2639.624,,,,,,
2025-07-13 17:20:00,Other,太陽能(Solar),2311.256,,,,,,
2025-07-13 17:30:00,Other,太陽能(Solar),1939.348,,,,,,
2025-07-13 17:40:00,Other,太陽能(Solar),1500.021,,,,,,
2025-07-13 17:50:00,Other,太陽能(Solar),1231.542,,,,,,
2025-07-13 18:00:00,Other,太陽能(Solar),1012.33,,,,,,
2025-07-13 18:10:00,Other,太陽能(Solar),747.731,,,,,,
2025-07-13 18:20:00,Other,太陽能(Solar),515.624,,,,,,
2025-07-13 18:30:00,Other,太陽能(Solar),286.334,,,,,,
2025-07-13 18:40:00,Other,太陽能(Solar),139.20000000000002,,,,,,
2025-07-13 18:50:00,Other,太陽能(Solar),39.876,,,,,,
2025-07-13 19:00:00,Other,太陽能(Solar),0.0,,,,,,
2025-07-13 19:10:00,Other,太陽能(Solar),0.0,,,,,,
2025-07-13 19:20:00,Other,太陽能(Solar),0.0,,,,,,
2025-07-13 19:30:00,Other,太陽能(Solar),0.0,,,,,,
2025-07-13 19:40:00,Other,太陽能(Solar),0.0,,,,,,
2025-07-13 19:50:00,Other,太陽能(Solar),0.0,,,,,,
2025-07-13 20:00:00,Other,太陽能(Solar),0.0,,,,,,
2025-07-13 20:10:00,Other,太陽能(Solar),0.0,,,,,,
2025-07-13 20:20:00,Other,太陽能(Solar),0.0,,,,,,
2025-07-13 20:30:00,Other,太陽能(Solar),0.0,,,,,,
2025-07-13 20:40:00,Other,太陽能(Solar),0.0,,,,,,
2025-07-13 20:50:00,Other,太陽能(Solar),0.0,,,,,,
2025-07-13 21:00:00,Other,太陽能(Solar),0.0,,,,,,
2025-07-13 21:10:00,Other,太陽能(Solar),0.0,,,,,,
2025-07-13 21:20:00,Other,太陽能(Solar),0.0,,,,,,
2025-07-13 21:30:00,Other,太陽能(Solar),0.0,,,,,,
2025-07-13 21:40:00,Other,太陽能(Solar),0.0,,,,,,
2025-07-13 21:50:00,Other,太陽能(Solar),0.0,,,,,,
2025-07-13 22:00:00,Other,太陽能(Solar),0.0,,,,,,
2025-07-13 22:10:00,Other,太陽能(Solar),0.0,,,,,,
2025-07-13 22:20:00,Other,太陽能(Solar),0.0,,,,,,
2025-07-13 22:30:00,Other,太陽能(Solar),0.0,,,,,,
2025-07-13 22:40:00,Other,太陽能(Solar),0.0,,,,,,
2025-07-13 22:50:00,Other,太陽能(Solar),0.0,,,,,,
2025-07-13 23:00:00,Other,太陽能(Solar),0.0,,,,,,
2025-07-13 23:10:00,Other,太陽能(Solar),0.0,,,,,,
2025-07-13 23:20:00,Other,太陽能(Solar),0.0,,,,,,
2025-07-13 23:30:00,Other,太陽能(Solar),0.0,,,,,,
2025-07-13 23:40:00,Other,太陽能(Solar),0.0,,,,,,
2025-07-13 23:50:00,Other,太陽能(Solar),0.0,,,,,,
2025-07-14 00:00:00,Other,太陽能(Solar),0.0,,,,,,
2025-07-14 00:10:00,Other,太陽能(Solar),0.0,,,,,,
2025-07-14 00:20:00,Other,太陽能(Solar),0.0,,,,,,
2025-07-14 00:30:00,Other,太陽能(Solar),0.0,,,,,,
2025-07-14 00:40:00,Other,太陽能(Solar),0.0,,,,,,
2025-07-14 00:50:00,Other,太陽能(Solar),0.0,,,,,,
2025-07-14 01:00:00,Other,太陽能(Solar),0.0,,,,,,
2025-07-14 01:10:00,Other,太陽能(Solar),0.0,,,,,,
2025-07-14 01:20:00,Other,太陽能(Solar),0.0,,,,,,
2025-07-14 01:30:00,Other,太陽能(Solar),0.0,,,,,,
2025-07-14 01:40:00,Other,太陽能(Solar),0.0,,,,,,
2025-07-14 01:50:00,Other,太陽能(Solar),0.0,,,,,,
2025-07-14 02:00:00,Other,太陽能(Solar),0.0,,,,,,
2025-07-14 02:10:00,Other,太陽能(Solar),0.0,,,,,,
2025-07-14 02:20:00,Other,太陽能(Solar),0.0,,,,,,
2025-07-14 02:30:00,Other,太陽能(Solar),0.0,,,,,,
2025-07-14 02:40:00,Other,太陽能(Solar),0.0,,,,,,
2025-07-14 02:50:00,Other,太陽能(Solar),0.0,,,,,,
2025-07-14 03:00:00,Other,太陽能(Solar),0.0,,,,,,
2025-07-14 03:10:00,Other,太陽能(Solar),0.0,,,,,,
2025-07-14 03:20:00,Other,太陽能(Solar),0.0,,,,,,
2025-07-14 03:30:00,Other,太陽能(Solar),0.0,,,,,,
2025-07-14 03:40:00,Other,太陽能(Solar),0.0,,,,,,
2025-07-14 03:50:00,Other,太陽能(Solar),0.0,,,,,,
2025-07-14 04:00:00,Other,太陽能(Solar),0.0,,,,,,
2025-07-14 04:10:00,Other,太陽能(Solar),0.0,,,,,,
2025-07-14 04:20:00,Other,太陽能(Solar),0.0,,,,,,
2025-07-14 04:30:00,Other,太陽能(Solar),0.0,,,,,,
2025-07-14 04:40:00,Other,太陽能(Solar),0.0,,,,,,
2025-07-14 04:50:00,Other,太陽能(Solar),0.0,,,,,,
2025-07-14 05:00:00,Other,太陽能(Solar),0.007,,,,,,
2025-07-14 05:10:00,Other,太陽能(Solar),0.007,,,,,,
2025-07-14 05:20:00,Other,太陽能(Solar),0.007,,,,,,
2025-07-14 05:30:00,Other,太陽能(Solar),0.01,,,,,,
2025-07-14 05:40:00,Other,太陽能(Solar),0.034,,,,,,
2025-07-14 05:50:00,Other,太陽能(Solar),72.181,,,,,,
2025-07-14 06:00:00,Other,太陽能(Solar),170.171,,,,,,
2025-07-14 06:10:00,Other,太陽能(Solar),292.538,,,,,,
2025-07-14 06:20:00,Other,太陽能(Solar),461.451,,,,,,
2025-07-14 06:30:00,Other,太陽能(Solar),622.3050000000001,,,,,,
2025-07-14 06:40:00,Other,太陽能(Solar),789.431,,,,,,
2025-07-14 06:50:00,Other,太陽能(Solar),1006.801,,,,,,
2025-07-14 07:00:00,Other,太陽能(Solar),1301.163,,,,,,
2025-07-14 07:10:00,Other,太陽能(Solar),1604.067,,,,,,
2025-07-14 07:20:00,Other,太陽能(Solar),1794.061,,,,,,
2025-07-14 07:30:00,Other,太陽能(Solar),2120.952,,,,,,
2025-07-14 07:40:00,Other,太陽能(Solar),2402.1870000000004,,,,,,
2025-07-14 07:50:00,Other,太陽能(Solar),2609.307,,,,,,
2025-07-14 08:00:00,Other,太陽能(Solar),2737.471,,,,,,
2025-07-14 08:10:00,Other,太陽能(Solar),3078.777,,,,,,
2025-07-14 08:20:00,Other,太陽能(Solar),3459.352,,,,,,
2025-07-14 08:30:00,Other,太陽能(Solar),3887.836,,,,,,
2025-07-14 08:40:00,Other,太陽能(Solar),3666.418,,,,,,
2025-07-14 08:50:00,Other,太陽能(Solar),3890.935,,,,,,
2025-07-14 09:00:00,Other,太陽能(Solar),3826.08,,,,,,
2025-07-14 09:10:00,Other,太陽能(Solar),3898.36,,,,,,
2025-07-14 09:20:00,Other,太陽能(Solar),4115.692,,,,,,
2025-07-14 09:30:00,Other,太陽能(Solar),4204.301,,,,,,
2025-07-14 09:40:00,Other,太陽能(Solar),4358.648999999999,,,,,,
2025-07-14 09:50:00,Other,太陽能(Solar),4415.25,,,,,,
2025-07-14 10:00:00,Other,太陽能(Solar),4729.661999999999,,,,,,
2025-07-14 10:10:00,Other,太陽能(Solar),4823.472,,,,,,
2025-07-14 10:20:00,Other,太陽能(Solar),4979.133,,,,,,
2025-07-14 10:30:00,Other,太陽能(Solar),5006.218,,,,,,
2025-07-14 10:40:00,Other,太陽能(Solar),4978.978,,,,,,
2025-07-14 10:50:00,Other,太陽能(Solar),4887.112,,,,,,
2025-07-14 11:00:00,Other,太陽能(Solar),4985.212,,,,,,
2025-07-14 11:10:00,Other,太陽能(Solar),5106.24,,,,,,
2025-07-14 11:20:00,Other,太陽能(Solar),5038.226000000001,,,,,,
2025-07-14 11:30:00,Other,太陽能(Solar),5379.15,,,,,,
2025-07-14 11:40:00,Other,太陽能(Solar),5665.685,,,,,,
2025-07-14 11:50:00,Other,太陽能(Solar),5733.102000000001,,,,,,
2025-07-14 12:00:00,Other,太陽能(Solar),5801.73,,,,,,
2025-07-14 12:10:00,Other,太陽能(Solar),5752.735,,,,,,
2025-07-14 12:20:00,Other,太陽能(Solar),5859.43,,,,,,
2025-07-14 12:30:00,Other,太陽能(Solar),5903.97,,,,,,
2025-07-14 12:40:00,Other,太陽能(Solar),6006.79,,,,,,
2025-07-14 12:50:00,Other,太陽能(Solar),6023.091,,,,,,
2025-07-14 13:00:00,Other,太陽能(Solar),6049.069,,,,,,
2025-07-14 13:10:00,Other,太陽能(Solar),6129.444,,,,,,
2025-07-14 13:20:00,Other,太陽能(Solar),5924.088000000001,,,,,,
2025-07-14 13:30:00,Other,太陽能(Solar),5971.004,,,,,,
2025-07-14 13:40:00,Other,太陽能(Solar),6017.362,,,,,,
2025-07-14 13:50:00,Other,太陽能(Solar),5901.915,,,,,,
2025-07-14 14:00:00,Other,太陽能(Solar),5724.834,,,,,,
2025-07-14 14:10:00,Other,太陽能(Solar),5678.709,,,,,,
2025-07-14 14:20:00,Other,太陽能(Solar),5662.33,,,,,,
2025-07-14 14:30:00,Other,太陽能(Solar),5648.915,,,,,,
2025-07-14 14:40:00,Other,太陽能(Solar),5504.004999999999,,,,,,
2025-07-14 14:50:00,Other,太陽能(Solar),5542.563,,,,,,
2025-07-14 15:00:00,Other,太陽能(Solar),5419.675,,,,,,
2025-07-14 15:10:00,Other,太陽能(Solar),5363.893,,,,,,
2025-07-14 15:20:00,Other,太陽能(Solar),5200.294999999999,,,,,,
2025-07-14 15:30:00,Other,太陽能(Solar),4980.986,,,,,,
2025-07-14 15:40:00,Other,太陽能(Solar),4779.298000000001,,,,,,
2025-07-14 15:50:00,Other,太陽能(Solar),4654.466,,,,,,
2025-07-14 16:00:00,Other,太陽能(Solar),4430.905000000001,,,,,,
2025-07-14 16:10:00,Other,太陽能(Solar),4252.843,,,,,,
2025-07-14 16:20:00,Other,太陽能(Solar),4077.597,,,,,,
2025-07-14 16:30:00,Other,太陽能(Solar),3857.415,,,,,,
2025-07-14 16:40:00,Other,太陽能(Solar),3453.382,,,,,,
2025-07-14 16:50:00,Other,太陽能(Solar),3180.123,,,,,,
2025-07-14 17:00:00,Other,太陽能(Solar),2774.532,,,,,,
2025-07-14 17:10:00,Other,太陽能(Solar),2456.33,,,,,,
2025-07-14 17:20:00,Other,太陽能(Solar),2152.628,,,,,,
2025-07-14 17:30:00,Other,太陽能(Solar),1772.285,,,,,,
2025-07-14 17:40:00,Other,太陽能(Solar),1473.937,,,,,,
2025-07-14 17:50:00,Other,太陽能(Solar),1111.879,,,,,,
2025-07-14 18:00:00,Other,太陽能(Solar),817.745,,,,,,
2025-07-14 18:10:00,Other,太陽能(Solar),527.476,,,,,,
2025-07-14 18:20:00,Other,太陽能(Solar),297.783,,,,,,
2025-07-14 18:30:00,Other,太陽能(Solar),144.092,,,,,,
2025-07-14 18:40:00,Other,太陽能(Solar),31.384,,,,,,
2025-07-14 18:50:00,Other,太陽能(Solar),0.002,,,,,,
2025-07-14 19:00:00,Other,太陽能(Solar),0.0,,,,,,
2025-07-14 19:10:00,Other,太陽能(Solar),0.0,,,,,,
2025-07-14 19:20:00,Other,太陽能(Solar),0.0,,,,,,
2025-07-14 19:30:00,Other,太陽能(Solar),0.0,,,,,,
2025-07-14 19:40:00,Other,太陽能(Solar),0.0,,,,,,
2025-07-14 19:50:00,Other,太陽能(Solar),0.0,,,,,,
2025-07-14 20:00:00,Other,太陽能(Solar),0.0,,,,,,
2025-07-14 20:10:00,Other,太陽能(Solar),0.0,,,,,,
2025-07-14 20:20:00,Other,太陽能(Solar),0.0,,,,,,
2025-07-14 20:30:00,Other,太陽能(Solar),0.0,,,,,,
2025-07-14 20:40:00,Other,太陽能(Solar),0.0,,,,,,
2025-07-14 20:50:00,Other,太陽能(Solar),0.0,,,,,,
2025-07-14 21:00:00,Other,太陽能(Solar),0.0,,,,,,
2025-07-14 21:10:00,Other,太陽能(Solar),0.0,,,,,,
2025-07-14 21:20:00,Other,太陽能(Solar),0.0,,,,,,
2025-07-14 21:30:00,Other,太陽能(Solar),0.0,,,,,,
2025-07-14 21:40:00,Other,太陽能(Solar),0.0,,,,,,
2025-07-14 21:50:00,Other,太陽能(Solar),0.0,,,,,,
2025-07-14 22:00:00,Other,太陽能(Solar),0.0,,,,,,
2025-07-14 22:10:00,Other,太陽能(Solar),0.0,,,,,,
2025-07-14 22:20:00,Other,太陽能(Solar),0.0,,,,,,
2025-07-14 22:30:00,Other,太陽能(Solar),0.0,,,,,,
2025-07-14 22:40:00,Other,太陽能(Solar),0.0,,,,,,
2025-07-14 22:50:00,Other,太陽能(Solar),0.0,,,,,,
2025-07-14 23:00:00,Other,太陽能(Solar),0.0,,,,,,
2025-07-14 23:10:00,Other,太陽能(Solar),0.0,,,,,,
2025-07-14 23:20:00,Other,太陽能(Solar),0.0,,,,,,
2025-07-14 23:30:00,Other,太陽能(Solar),0.0,,,,,,
2025-07-14 23:40:00,Other,太陽能(Solar),0.0,,,,,,
2025-07-14 23:50:00,Other,太陽能(Solar),0.0,,,,,,
2025-07-15 00:00:00,Other,太陽能(Solar),0.0,,,,,,
2025-07-15 00:10:00,Other,太陽能(Solar),0.0,,,,,,
2025-07-15 00:20:00,Other,太陽能(Solar),0.0,,,,,,
2025-07-15 00:30:00,Other,太陽能(Solar),0.0,,,,,,
2025-07-15 00:40:00,Other,太陽能(Solar),0.0,,,,,,
2025-07-15 00:50:00,Other,太陽能(Solar),0.0,,,,,,
2025-07-15 01:00:00,Other,太陽能(Solar),0.0,,,,,,
2025-07-15 01:10:00,Other,太陽能(Solar),0.0,,,,,,
2025-07-15 01:20:00,Other,太陽能(Solar),0.0,,,,,,
2025-07-15 01:30:00,Other,太陽能(Solar),0.0,,,,,,
2025-07-15 01:40:00,Other,太陽能(Solar),0.0,,,,,,
2025-07-15 01:50:00,Other,太陽能(Solar),0.0,,,,,,
2025-07-15 02:00:00,Other,太陽能(Solar),0.0,,,,,,
2025-07-15 02:10:00,Other,太陽能(Solar),0.0,,,,,,
2025-07-15 02:20:00,Other,太陽能(Solar),0.0,,,,,,
2025-07-15 02:30:00,Other,太陽能(Solar),0.0,,,,,,
2025-07-15 02:40:00,Other,太陽能(Solar),0.0,,,,,,
2025-07-15 02:50:00,Other,太陽能(Solar),0.0,,,,,,
2025-07-15 03:00:00,Other,太陽能(Solar),0.0,,,,,,
2025-07-15 03:10:00,Other,太陽能(Solar),0.0,,,,,,
2025-07-15 03:20:00,Other,太陽能(Solar),0.0,,,,,,
2025-07-15 03:30:00,Other,太陽能(Solar),0.0,,,,,,
2025-07-15 03:40:00,Other,太陽能(Solar),0.0,,,,,,
2025-07-15 03:50:00,Other,太陽能(Solar),0.0,,,,,,
2025-07-15 04:00:00,Other,太陽能(Solar),0.0,,,,,,
2025-07-15 04:10:00,Other,太陽能(Solar),0.0,,,,,,
2025-07-15 04:20:00,Other,太陽能(Solar),0.0,,,,,,
2025-07-15 04:30:00,Other,太陽能(Solar),0.0,,,,,,
2025-07-15 04:40:00,Other,太陽能(Solar),0.0,,,,,,
2025-07-15 04:50:00,Other,太陽能(Solar),0.0,,,,,,
2025-07-15 05:00:00,Other,太陽能(Solar),0.0,,,,,,
2025-07-15 05:10:00,Other,太陽能(Solar),0.0,,,,,,
2025-07-15 05:20:00,Other,太陽能(Solar),0.0,,,,,,
2025-07-15 05:30:00,Other,太陽能(Solar),0.0,,,,,,
2025-07-15 05:40:00,Other,太陽能(Solar),0.005,,,,,,
2025-07-15 05:50:00,Other,太陽能(Solar),24.081,,,,,,
2025-07-15 06:00:00,Other,太陽能(Solar),60.722,,,,,,
2025-07-15 06:10:00,Other,太陽能(Solar),109.398,,,,,,
2025-07-15 06:20:00,Other,太陽能(Solar),161.619,,,,,,
2025-07-15 06:30:00,Other,太陽能(Solar),222.195,,,,,,
2025-07-15 06:40:00,Other,太陽能(Solar),297.739,,,,,,
2025-07-15 06:50:00,Other,太陽能(Solar),387.126,,,,,,
2025-07-15 07:00:00,Other,太陽能(Solar),513.514,,,,,,
2025-07-15 07:10:00,Other,太陽能(Solar),655.7710000000001,,,,,,
2025-07-15 07:20:00,Other,太陽能(Solar),800.0659999999999,,,,,,
2025-07-15 07:30:00,Other,太陽能(Solar),947.384,,,,,,
2025-07-15 07:40:00,Other,太陽能(Solar),1053.323,,,,,,
2025-07-15 07:50:00,Other,太陽能(Solar),1196.7289999999998,,,,,,
2025-07-15 08:00:00,Other,太陽能(Solar),1340.948,,,,,,
2025-07-15 08:10:00,Other,太陽能(Solar),1527.913,,,,,,
2025-07-15 08:20:00,Other,太陽能(Solar),1623.528,,,,,,
2025-07-15 08:30:00,Other,太陽能(Solar),1762.9050000000002,,,,,,
2025-07-15 08:40:00,Other,太陽能(Solar),1862.72,,,,,,
2025-07-15 08:50:00,Other,太陽能(Solar),1975.884,,,,,,
2025-07-15 09:00:00,Other,太陽能(Solar),1992.077,,,,,,
2025-07-15 09:10:00,Other,太陽能(Solar),2152.14,,,,,,
2025-07-15 09:20:00,Other,太陽能(Solar),2282.9300000000003,,,,,,
2025-07-15 09:30:00,Other,太陽能(Solar),2536.692,,,,,,
2025-07-15 09:40:00,Other,太陽能(Solar),2674.492,,,,,,
2025-07-15 09:50:00,Other,太陽能(Solar),2758.897,,,,,,
2025-07-15 10:00:00,Other,太陽能(Solar),2765.951,,,,,,
2025-07-15 10:10:00,Other,太陽能(Solar),2914.51,,,,,,
2025-07-15 10:20:00,Other,太陽能(Solar),2937.158,,,,,,
2025-07-15 10:30:00,Other,太陽能(Solar),3054.615,,,,,,
2025-07-15 10:40:00,Other,太陽能(Solar),3097.229,,,,,,
2025-07-15 10:50:00,Other,太陽能(Solar),3222.298,,,,,,
2025-07-15 11:00:00,Other,太陽能(Solar),3644.341,,,,,,
2025-07-15 11:10:00,Other,太陽能(Solar),3743.635,,,,,,
2025-07-15 11:20:00,Other,太陽能(Solar),4075.088,,,,,,
2025-07-15 11:30:00,Other,太陽能(Solar),4116.324,,,,,,
2025-07-15 11:40:00,Other,太陽能(Solar),4364.016,,,,,,
2025-07-15 11:50:00,Other,太陽能(Solar),4633.577,,,,,,
2025-07-15 12:00:00,Other,太陽能(Solar),5086.29,,,,,,
2025-07-15 12:10:00,Other,太陽能(Solar),5318.758,,,,,,
2025-07-15 12:20:00,Other,太陽能(Solar),5435.773,,,,,,
2025-07-15 12:30:00,Other,太陽能(Solar),5559.965999999999,,,,,,
2025-07-15 12:40:00,Other,太陽能(Solar),5566.782,,,,,,
2025-07-15 12:50:00,Other,太陽能(Solar),5499.159,,,,,,
2025-07-15 13:00:00,Other,太陽能(Solar),5679.804,,,,,,
2025-07-15 13:10:00,Other,太陽能(Solar),5727.542,,,,,,
2025-07-15 13:20:00,Other,太陽能(Solar),5667.171,,,,,,
2025-07-15 13:30:00,Other,太陽能(Solar),5607.659,,,,,,
2025-07-15 13:40:00,Other,太陽能(Solar),5499.371,,,,,,
2025-07-15 13:50:00,Other,太陽能(Solar),5463.428,,,,,,
2025-07-15 14:00:00,Other,太陽能(Solar),5432.887000000001,,,,,,
2025-07-15 14:10:00,Other,太陽能(Solar),5521.647,,,,,,
2025-07-15 14:20:00,Other,太陽能(Solar),5516.496,,,,,,
2025-07-15 14:30:00,Other,太陽能(Solar),5486.813,,,,,,
2025-07-15 14:40:00,Other,太陽能(Solar),5354.041,,,,,,
2025-07-15 14:50:00,Other,太陽能(Solar),5097.731000000001,,,,,,
2025-07-15 15:00:00,Other,太陽能(Solar),5052.906,,,,,,
2025-07-15 15:10:00,Other,太陽能(Solar),4759.3910000000005,,,,,,
2025-07-15 15:20:00,Other,太陽能(Solar),4572.18,,,,,,
2025-07-15 15:30:00,Other,太陽能(Solar),4558.493,,,,,,
2025-07-15 15:40:00,Other,太陽能(Solar),4386.276,,,,,,
2025-07-15 15:50:00,Other,太陽能(Solar),4183.476,,,,,,
2025-07-15 16:00:00,Other,太陽能(Solar),3922.638,,,,,,
2025-07-15 16:10:00,Other,太陽能(Solar),3657.436,,,,,,
2025-07-15 16:20:00,Other,太陽能(Solar),3409.175,,,,,,
2025-07-15 16:30:00,Other,太陽能(Solar),2937.406,,,,,,
2025-07-15 16:40:00,Other,太陽能(Solar),2592.978,,,,,,
2025-07-15 16:50:00,Other,太陽能(Solar),2306.922,,,,,,
2025-07-15 17:00:00,Other,太陽能(Solar),2026.756,,,,,,
2025-07-15 17:10:00,Other,太陽能(Solar),1864.642,,,,,,
2025-07-15 17:20:00,Other,太陽能(Solar),1659.208,,,,,,
2025-07-15 17:30:00,Other,太陽能(Solar),1441.855,,,,,,
2025-07-15 17:40:00,Other,太陽能(Solar),1145.974,,,,,,
2025-07-15 17:50:00,Other,太陽能(Solar),938.163,,,,,,
2025-07-15 18:00:00,Other,太陽能(Solar),661.9200000000001,,,,,,
2025-07-15 18:10:00,Other,太陽能(Solar),547.6809999999999,,,,,,
2025-07-15 18:20:00,Other,太陽能(Solar),370.663,,,,,,
2025-07-15 18:30:00,Other,太陽能(Solar),209.031,,,,,,
2025-07-15 18:40:00,Other,太陽能(Solar),58.234,,,,,,
2025-07-15 18:50:00,Other,太陽能(Solar),1.457,,,,,,
2025-07-15 19:00:00,Other,太陽能(Solar),0.0,,,,,,
2025-07-15 19:10:00,Other,太陽能(Solar),0.0,,,,,,
2025-07-15 19:20:00,Other,太陽能(Solar),0.0,,,,,,
2025-07-15 19:30:00,Other,太陽能(Solar),0.0,,,,,,
2025-07-15 19:40:00,Other,太陽能(Solar),0.0,,,,,,
2025-07-15 19:50:00,Other,太陽能(Solar),0.0,,,,,,
2025-07-15 20:00:00,Other,太陽能(Solar),0.0,,,,,,
2025-07-15 20:10:00,Other,太陽能(Solar),0.0,,,,,,
2025-07-15 20:20:00,Other,太陽能(Solar),0.0,,,,,,
2025-07-15 20:30:00,Other,太陽能(Solar),0.0,,,,,,
2025-07-15 20:40:00,Other,太陽能(Solar),0.0,,,,,,
2025-07-15 20:50:00,Other,太陽能(Solar),0.0,,,,,,
2025-07-15 21:00:00,Other,太陽能(Solar),0.0,,,,,,
2025-07-15 21:10:00,Other,太陽能(Solar),0.0,,,,,,
2025-07-15 21:20:00,Other,太陽能(Solar),0.0,,,,,,
2025-07-15 21:30:00,Other,太陽能(Solar),0.0,,,,,,
2025-07-15 21:40:00,Other,太陽能(Solar),0.0,,,,,,
2025-07-15 21:50:00,Other,太陽能(Solar),0.0,,,,,,
2025-07-15 22:00:00,Other,太陽能(Solar),0.0,,,,,,
2025-07-15 22:10:00,Other,太陽能(Solar),0.0,,,,,,
2025-07-15 22:20:00,Other,太陽能(Solar),0.0,,,,,,
2025-07-15 22:30:00,Other,太陽能(Solar),0.0,,,,,,
2025-07-15 22:40:00,Other,太陽能(Solar),0.0,,,,,,
2025-07-15 22:50:00,Other,太陽能(Solar),0.0,,,,,,
2025-07-15 23:00:00,Other,太陽能(Solar),0.0,,,,,,
2025-07-15 23:10:00,Other,太陽能(Solar),0.0,,,,,,
2025-07-15 23:20:00,Other,太陽能(Solar),0.0,,,,,,
2025-07-15 23:30:00,Other,太陽能(Solar),0.0,,,,,,
2025-07-15 23:40:00,Other,太陽能(Solar),0.0,,,,,,
2025-07-15 23:50:00,Other,太陽能(Solar),0.0,,,,,,
2025-07-16 00:00:00,Other,太陽能(Solar),0.0,,,,,,
2025-07-16 00:10:00,Other,太陽能(Solar),0.0,,,,,,
2025-07-16 00:20:00,Other,太陽能(Solar),0.0,,,,,,
2025-07-16 00:30:00,Other,太陽能(Solar),0.0,,,,,,
2025-07-16 00:40:00,Other,太陽能(Solar),0.0,,,,,,
2025-07-16 00:50:00,Other,太陽能(Solar),0.0,,,,,,
2025-07-16 01:00:00,Other,太陽能(Solar),0.0,,,,,,
2025-07-16 01:10:00,Other,太陽能(Solar),0.0,,,,,,
2025-07-16 01:20:00,Other,太陽能(Solar),0.0,,,,,,
2025-07-16 01:30:00,Other,太陽能(Solar),0.0,,,,,,
2025-07-16 01:40:00,Other,太陽能(Solar),0.0,,,,,,
2025-07-16 01:50:00,Other,太陽能(Solar),0.0,,,,,,
2025-07-16 02:00:00,Other,太陽能(Solar),0.0,,,,,,
2025-07-16 02:10:00,Other,太陽能(Solar),0.0,,,,,,
2025-07-16 02:20:00,Other,太陽能(Solar),0.0,,,,,,
2025-07-16 02:30:00,Other,太陽能(Solar),0.0,,,,,,
2025-07-16 02:40:00,Other,太陽能(Solar),0.0,,,,,,
2025-07-16 02:50:00,Other,太陽能(Solar),0.0,,,,,,
2025-07-16 03:00:00,Other,太陽能(Solar),0.0,,,,,,
2025-07-16 03:10:00,Other,太陽能(Solar),0.0,,,,,,
2025-07-16 03:20:00,Other,太陽能(Solar),0.0,,,,,,
2025-07-16 03:30:00,Other,太陽能(Solar),0.0,,,,,,
2025-07-16 03:40:00,Other,太陽能(Solar),0.0,,,,,,
2025-07-16 03:50:00,Other,太陽能(Solar),0.0,,,,,,
2025-07-16 04:00:00,Other,太陽能(Solar),0.0,,,,,,
2025-07-16 04:10:00,Other,太陽能(Solar),0.0,,,,,,
2025-07-16 04:20:00,Other,太陽能(Solar),0.0,,,,,,
2025-07-16 04:30:00,Other,太陽能(Solar),0.0,,,,,,
2025-07-16 04:40:00,Other,太陽能(Solar),0.0,,,,,,
2025-07-16 04:50:00,Other,太陽能(Solar),0.0,,,,,,
2025-07-16 05:00:00,Other,太陽能(Solar),0.001,,,,,,
2025-07-16 05:10:00,Other,太陽能(Solar),0.001,,,,,,
2025-07-16 05:20:00,Other,太陽能(Solar),0.001,,,,,,
2025-07-16 05:30:00,Other,太陽能(Solar),0.007,,,,,,
2025-07-16 05:40:00,Other,太陽能(Solar),0.035,,,,,,
2025-07-16 05:50:00,Other,太陽能(Solar),51.228,,,,,,
2025-07-16 06:00:00,Other,太陽能(Solar),147.26999999999998,,,,,,
2025-07-16 06:10:00,Other,太陽能(Solar),264.642,,,,,,
2025-07-16 06:20:00,Other,太陽能(Solar),403.148,,,,,,
2025-07-16 06:30:00,Other,太陽能(Solar),600.1460000000001,,,,,,
2025-07-16 06:40:00,Other,太陽能(Solar),852.7779999999999,,,,,,
2025-07-16 06:50:00,Other,太陽能(Solar),1070.999,,,,,,
2025-07-16 07:00:00,Other,太陽能(Solar),1274.669,,,,,,
2025-07-16 07:10:00,Other,太陽能(Solar),1377.002,,,,,,
2025-07-16 07:20:00,Other,太陽能(Solar),1442.506,,,,,,
2025-07-16 07:30:00,Other,太陽能(Solar),1684.746,,,,,,
2025-07-16 07:40:00,Other,太陽能(Solar),1962.756,,,,,,
2025-07-16 07:50:00,Other,太陽能(Solar),2072.11,,,,,,
2025-07-16 08:00:00,Other,太陽能(Solar),2297.557,,,,,,
2025-07-16 08:10:00,Other,太陽能(Solar),2624.291,,,,,,
2025-07-16 08:20:00,Other,太陽能(Solar),2764.336,,,,,,
2025-07-16 08:30:00,Other,太陽能(Solar),2831.996,,,,,,
2025-07-16 08:40:00,Other,太陽能(Solar),3183.315,,,,,,
2025-07-16 08:50:00,Other,太陽能(Solar),3331.228,,,,,,
2025-07-16 09:00:00,Other,太陽能(Solar),3303.559,,,,,,
2025-07-16 09:10:00,Other,太陽能(Solar),3617.716,,,,,,
2025-07-16 09:20:00,Other,太陽能(Solar),3710.319,,,,,,
2025-07-16 09:30:00,Other,太陽能(Solar),4017.781,,,,,,
2025-07-16 09:40:00,Other,太陽能(Solar),3940.881,,,,,,
2025-07-16 09:50:00,Other,太陽能(Solar),4094.488,,,,,,
2025-07-16 10:00:00,Other,太陽能(Solar),4269.427000000001,,,,,,
2025-07-16 10:10:00,Other,太陽能(Solar),4572.055,,,,,,
2025-07-16 10:20:00,Other,太陽能(Solar),5136.455000000001,,,,,,
2025-07-16 10:30:00,Other,太陽能(Solar),5456.923,,,,,,
2025-07-16 10:40:00,Other,太陽能(Solar),5547.573,,,,,,
2025-07-16 10:50:00,Other,太陽能(Solar),5764.004,,,,,,
2025-07-16 11:00:00,Other,太陽能(Solar),5954.865000000001,,,,,,
2025-07-16 11:10:00,Other,太陽能(Solar),6142.251,,,,,,
2025-07-16 11:20:00,Other,太陽能(Solar),5979.512,,,,,,
2025-07-16 11:30:00,Other,太陽能(Solar),6005.221,,,,,,
2025-07-16 11:40:00,Other,太陽能(Solar),6387.031,,,,,,
2025-07-16 11:50:00,Other,太陽能(Solar),6424.017,,,,,,
2025-07-16 12:00:00,Other,太陽能(Solar),6563.094,,,,,,
2025-07-16 12:10:00,Other,太陽能(Solar),6564.159,,,,,,
2025-07-16 12:20:00,Other,太陽能(Solar),6574.841,,,,,,
2025-07-16 12:30:00,Other,太陽能(Solar),6700.3550000000005,,,,,,
2025-07-16 12:40:00,Other,太陽能(Solar),6831.433,,,,,,
2025-07-16 12:50:00,Other,太陽能(Solar),6794.710999999999,,,,,,
2025-07-16 13:00:00,Other,太陽能(Solar),6747.155,,,,,,
2025-07-16 13:10:00,Other,太陽能(Solar),6861.267000000001,,,,,,
2025-07-16 13:20:00,Other,太陽能(Solar),6759.918,,,,,,
2025-07-16 13:30:00,Other,太陽能(Solar),6724.504,,,,,,
2025-07-16 13:40:00,Other,太陽能(Solar),6576.69,,,,,,
2025-07-16 13:50:00,Other,太陽能(Solar),6516.724,,,,,,
2025-07-16 14:00:00,Other,太陽能(Solar),6447.12,,,,,,
2025-07-16 14:10:00,Other,太陽能(Solar),6177.781,,,,,,
2025-07-16 14:20:00,Other,太陽能(Solar),6018.214,,,,,,
2025-07-16 14:30:00,Other,太陽能(Solar),5723.548,,,,,,
2025-07-16 14:40:00,Other,太陽能(Solar),5705.944,,,,,,
2025-07-16 14:50:00,Other,太陽能(Solar),5467.884,,,,,,
2025-07-16 15:00:00,Other,太陽能(Solar),5286.875999999999,,,,,,
2025-07-16 15:10:00,Other,太陽能(Solar),5020.772,,,,,,
2025-07-16 15:20:00,Other,太陽能(Solar),4743.511,,,,,,
2025-07-16 15:30:00,Other,太陽能(Solar),4570.299,,,,,,
2025-07-16 15:40:00,Other,太陽能(Solar),4114.657,,,,,,
2025-07-16 15:50:00,Other,太陽能(Solar),3854.574,,,,,,
2025-07-16 16:00:00,Other,太陽能(Solar),3669.696,,,,,,
2025-07-16 16:10:00,Other,太陽能(Solar),3417.738,,,,,,
2025-07-16 16:20:00,Other,太陽能(Solar),3168.574,,,,,,
2025-07-16 16:30:00,Other,太陽能(Solar),2732.759,,,,,,
2025-07-16 16:40:00,Other,太陽能(Solar),2412.0,,,,,,
2025-07-16 16:50:00,Other,太陽能(Solar),1922.902,,,,,,
2025-07-16 17:00:00,Other,太陽能(Solar),1686.169,,,,,,
2025-07-16 17:10:00,Other,太陽能(Solar),1359.868,,,,,,
2025-07-16 17:20:00,Other,太陽能(Solar),1025.316,,,,,,
2025-07-16 17:30:00,Other,太陽能(Solar),886.543,,,,,,
2025-07-16 17:40:00,Other,太陽能(Solar),674.9879999999999,,,,,,
2025-07-16 17:50:00,Other,太陽能(Solar),581.252,,,,,,
2025-07-16 18:00:00,Other,太陽能(Solar),539.947,,,,,,
2025-07-16 18:10:00,Other,太陽能(Solar),387.232,,,,,,
2025-07-16 18:20:00,Other,太陽能(Solar),293.158,,,,,,
2025-07-16 18:30:00,Other,太陽能(Solar),185.844,,,,,,
2025-07-16 18:40:00,Other,太陽能(Solar),78.057,,,,,,
2025-07-16 18:50:00,Other,太陽能(Solar),16.648,,,,,,
2025-07-16 19:00:00,Other,太陽能(Solar),0.0,,,,,,
2025-07-16 19:10:00,Other,太陽能(Solar),0.0,,,,,,
2025-07-16 19:20:00,Other,太陽能(Solar),0.0,,,,,,
2025-07-16 19:30:00,Other,太陽能(Solar),0.0,,,,,,
2025-07-16 19:40:00,Other,太陽能(Solar),0.0,,,,,,
2025-07-16 19:50:00,Other,太陽能(Solar),0.0,,,,,,
2025-07-16 20:00:00,Other,太陽能(Solar),0.0,,,,,,
2025-07-16 20:10:00,Other,太陽能(Solar),0.0,,,,,,
2025-07-16 20:20:00,Other,太陽能(Solar),0.0,,,,,,
2025-07-16 20:30:00,Other,太陽能(Solar),0.0,,,,,,
2025-07-16 20:40:00,Other,太陽能(Solar),0.0,,,,,,
2025-07-16 20:50:00,Other,太陽能(Solar),0.0,,,,,,
2025-07-16 21:00:00,Other,太陽能(Solar),0.0,,,,,,
2025-07-16 21:10:00,Other,太陽能(Solar),0.0,,,,,,
2025-07-16 21:20:00,Other,太陽能(Solar),0.0,,,,,,
2025-07-16 21:30:00,Other,太陽能(Solar),0.0,,,,,,
2025-07-16 21:40:00,Other,太陽能(Solar),0.0,,,,,,
2025-07-16 21:50:00,Other,太陽能(Solar),0.0,,,,,,
2025-07-16 22:00:00,Other,太陽能(Solar),0.0,,,,,,
2025-07-16 22:10:00,Other,太陽能(Solar),0.0,,,,,,
2025-07-16 22:20:00,Other,太陽能(Solar),0.0,,,,,,
2025-07-16 22:30:00,Other,太陽能(Solar),0.0,,,,,,
2025-07-16 22:40:00,Other,太陽能(Solar),0.0,,,,,,
2025-07-16 22:50:00,Other,太陽能(Solar),0.0,,,,,,
2025-07-16 23:00:00,Other,太陽能(Solar),0.0,,,,,,
2025-07-16 23:10:00,Other,太陽能(Solar),0.0,,,,,,
2025-07-16 23:20:00,Other,太陽能(Solar),0.0,,,,,,
2025-07-16 23:30:00,Other,太陽能(Solar),0.0,,,,,,
2025-07-16 23:40:00,Other,太陽能(Solar),0.0,,,,,,
2025-07-16 23:50:00,Other,太陽能(Solar),0.0,,,,,,
2025-07-17 00:00:00,Other,太陽能(Solar),0.0,,,,,,
2025-07-17 00:10:00,Other,太陽能(Solar),0.0,,,,,,
2025-07-17 00:20:00,Other,太陽能(Solar),0.0,,,,,,
2025-07-17 00:30:00,Other,太陽能(Solar),0.0,,,,,,
2025-07-17 00:40:00,Other,太陽能(Solar),0.0,,,,,,
2025-07-17 00:50:00,Other,太陽能(Solar),0.0,,,,,,
2025-07-17 01:00:00,Other,太陽能(Solar),0.0,,,,,,
2025-07-17 01:10:00,Other,太陽能(Solar),0.0,,,,,,
2025-07-17 01:20:00,Other,太陽能(Solar),0.0,,,,,,
2025-07-17 01:30:00,Other,太陽能(Solar),0.0,,,,,,
2025-07-17 01:40:00,Other,太陽能(Solar),0.0,,,,,,
2025-07-17 01:50:00,Other,太陽能(Solar),0.0,,,,,,
2025-07-17 02:00:00,Other,太陽能(Solar),0.0,,,,,,
2025-07-17 02:10:00,Other,太陽能(Solar),0.0,,,,,,
2025-07-17 02:20:00,Other,太陽能(Solar),0.0,,,,,,
2025-07-17 02:30:00,Other,太陽能(Solar),0.0,,,,,,
2025-07-17 02:40:00,Other,太陽能(Solar),0.0,,,,,,
2025-07-17 02:50:00,Other,太陽能(Solar),0.0,,,,,,
2025-07-17 03:00:00,Other,太陽能(Solar),0.0,,,,,,
2025-07-17 03:10:00,Other,太陽能(Solar),0.0,,,,,,
2025-07-17 03:20:00,Other,太陽能(Solar),0.0,,,,,,
2025-07-17 03:30:00,Other,太陽能(Solar),0.0,,,,,,
2025-07-17 03:40:00,Other,太陽能(Solar),0.0,,,,,,
2025-07-17 03:50:00,Other,太陽能(Solar),0.0,,,,,,
2025-07-17 04:00:00,Other,太陽能(Solar),0.0,,,,,,
2025-07-17 04:10:00,Other,太陽能(Solar),0.0,,,,,,
2025-07-17 04:20:00,Other,太陽能(Solar),0.0,,,,,,
2025-07-17 04:30:00,Other,太陽能(Solar),0.0,,,,,,
2025-07-17 04:40:00,Other,太陽能(Solar),0.0,,,,,,
2025-07-17 04:50:00,Other,太陽能(Solar),0.0,,,,,,
2025-07-17 05:00:00,Other,太陽能(Solar),0.0,,,,,,
2025-07-17 05:10:00,Other,太陽能(Solar),0.0,,,,,,
2025-07-17 05:20:00,Other,太陽能(Solar),0.0,,,,,,
2025-07-17 05:30:00,Other,太陽能(Solar),0.006,,,,,,
2025-07-17 05:40:00,Other,太陽能(Solar),0.065,,,,,,
2025-07-17 05:50:00,Other,太陽能(Solar),86.29299999999999,,,,,,
2025-07-17 06:00:00,Other,太陽能(Solar),211.179,,,,,,
2025-07-17 06:10:00,Other,太陽能(Solar),343.173,,,,,,
2025-07-17 06:20:00,Other,太陽能(Solar),528.108,,,,,,
2025-07-17 06:30:00,Other,太陽能(Solar),729.943,,,,,,
2025-07-17 06:40:00,Other,太陽能(Solar),967.204,,,,,,
2025-07-17 06:50:00,Other,太陽能(Solar),1243.732,,,,,,
2025-07-17 07:00:00,Other,太陽能(Solar),1555.796,,,,,,
2025-07-17 07:10:00,Other,太陽能(Solar),1873.089,,,,,,
2025-07-17 07:20:00,Other,太陽能(Solar),2281.003,,,,,,
2025-07-17 07:30:00,Other,太陽能(Solar),2598.621,,,,,,
2025-07-17 07:40:00,Other,太陽能(Solar),2967.5170000000003,,,,,,
2025-07-17 07:50:00,Other,太陽能(Solar),3272.814,,,,,,
2025-07-17 08:00:00,Other,太陽能(Solar),3601.78,,,,,,
2025-07-17 08:10:00,Other,太陽能(Solar),3911.63,,,,,,
2025-07-17 08:20:00,Other,太陽能(Solar),4211.897,,,,,,
2025-07-17 08:30:00,Other,太陽能(Solar),4419.682,,,,,,
2025-07-17 08:40:00,Other,太陽能(Solar),4740.236,,,,,,
2025-07-17 08:50:00,Other,太陽能(Solar),4921.27,,,,,,
2025-07-17 09:00:00,Other,太陽能(Solar),5059.336,,,,,,
2025-07-17 09:10:00,Other,太陽能(Solar),5343.111,,,,,,
2025-07-17 09:20:00,Other,太陽能(Solar),5488.907999999999,,,,,,
2025-07-17 09:30:00,Other,太陽能(Solar),5649.893,,,,,,
2025-07-17 09:40:00,Other,太陽能(Solar),5949.049999999999,,,,,,
2025-07-17 09:50:00,Other,太陽能(Solar),6111.624,,,,,,
2025-07-17 10:00:00,Other,太陽能(Solar),6206.987,,,,,,
2025-07-17 10:10:00,Other,太陽能(Solar),6290.299,,,,,,
2025-07-17 10:20:00,Other,太陽能(Solar),6386.169,,,,,,
2025-07-17 10:30:00,Other,太陽能(Solar),6453.296,,,,,,
2025-07-17 10:40:00,Other,太陽能(Solar),6562.514,,,,,,
2025-07-17 10:50:00,Other,太陽能(Solar),6617.137000000001,,,,,,
2025-07-17 11:00:00,Other,太陽能(Solar),6720.781,,,,,,
2025-07-17 11:10:00,Other,太陽能(Solar),6714.437,,,,,,
2025-07-17 11:20:00,Other,太陽能(Solar),6768.743,,,,,,
2025-07-17 11:30:00,Other,太陽能(Solar),6890.153,,,,,,
2025-07-17 11:40:00,Other,太陽能(Solar),6986.487999999999,,,,,,
2025-07-17 11:50:00,Other,太陽能(Solar),7224.24,,,,,,
2025-07-17 12:00:00,Other,太陽能(Solar),7092.957,,,,,,
2025-07-17 12:10:00,Other,太陽能(Solar),7069.562000000001,,,,,,
2025-07-17 12:20:00,Other,太陽能(Solar),7026.29,,,,,,
2025-07-17 12:30:00,Other,太陽能(Solar),7106.639,,,,,,
2025-07-17 12:40:00,Other,太陽能(Solar),7064.473,,,,,,
2025-07-17 12:50:00,Other,太陽能(Solar),7049.977,,,,,,
2025-07-17 13:00:00,Other,太陽能(Solar),7046.335999999999,,,,,,
2025-07-17 13:10:00,Other,太陽能(Solar),7030.017000000001,,,,,,
2025-07-17 13:20:00,Other,太陽能(Solar),6946.526,,,,,,
2025-07-17 13:30:00,Other,太陽能(Solar),6883.595,,,,,,
2025-07-17 13:40:00,Other,太陽能(Solar),6475.707,,,,,,
2025-07-17 13:50:00,Other,太陽能(Solar),6342.424,,,,,,
2025-07-17 14:00:00,Other,太陽能(Solar),6150.992,,,,,,
2025-07-17 14:10:00,Other,太陽能(Solar),6005.734,,,,,,
2025-07-17 14:20:00,Other,太陽能(Solar),5711.838000000001,,,,,,
2025-07-17 14:30:00,Other,太陽能(Solar),5448.471,,,,,,
2025-07-17 14:40:00,Other,太陽能(Solar),5178.01,,,,,,
2025-07-17 14:50:00,Other,太陽能(Solar),5016.65,,,,,,
2025-07-17 15:00:00,Other,太陽能(Solar),4880.762000000001,,,,,,
2025-07-17 15:10:00,Other,太陽能(Solar),4493.876,,,,,,
2025-07-17 15:20:00,Other,太陽能(Solar),4194.1050000000005,,,,,,
2025-07-17 15:30:00,Other,太陽能(Solar),3953.952,,,,,,
2025-07-17 15:40:00,Other,太陽能(Solar),3892.57,,,,,,
2025-07-17 15:50:00,Other,太陽能(Solar),3651.376,,,,,,
2025-07-17 16:00:00,Other,太陽能(Solar),3389.1910000000003,,,,,,
2025-07-17 16:10:00,Other,太陽能(Solar),3095.754,,,,,,
2025-07-17 16:20:00,Other,太陽能(Solar),2878.498,,,,,,
2025-07-17 16:30:00,Other,太陽能(Solar),2778.063,,,,,,
2025-07-17 16:40:00,Other,太陽能(Solar),2752.011,,,,,,
2025-07-17 16:50:00,Other,太陽能(Solar),2534.032,,,,,,
2025-07-17 17:00:00,Other,太陽能(Solar),2377.296,,,,,,
2025-07-17 17:10:00,Other,太陽能(Solar),2043.847,,,,,,
2025-07-17 17:20:00,Other,太陽能(Solar),1793.924,,,,,,
2025-07-17 17:30:00,Other,太陽能(Solar),1551.661,,,,,,
2025-07-17 17:40:00,Other,太陽能(Solar),1431.894,,,,,,
2025-07-17 17:50:00,Other,太陽能(Solar),1164.9299999999998,,,,,,
2025-07-17 18:00:00,Other,太陽能(Solar),940.539,,,,,,
2025-07-17 18:10:00,Other,太陽能(Solar),786.751,,,,,,
2025-07-17 18:20:00,Other,太陽能(Solar),571.923,,,,,,
2025-07-17 18:30:00,Other,太陽能(Solar),342.803,,,,,,
2025-07-17 18:40:00,Other,太陽能(Solar),157.22400000000002,,,,,,
2025-07-17 18:50:00,Other,太陽能(Solar),32.41,,,,,,
2025-07-17 19:00:00,Other,太陽能(Solar),0.0,,,,,,
2025-07-17 19:10:00,Other,太陽能(Solar),0.0,,,,,,
2025-07-17 19:20:00,Other,太陽能(Solar),0.0,,,,,,
2025-07-17 19:30:00,Other,太陽能(Solar),0.0,,,,,,
2025-07-17 19:40:00,Other,太陽能(Solar),0.0,,,,,,
2025-07-17 19:50:00,Other,太陽能(Solar),0.0,,,,,,
2025-07-17 20:00:00,Other,太陽能(Solar),0.0,,,,,,
2025-07-17 20:10:00,Other,太陽能(Solar),0.0,,,,,,
2025-07-17 20:20:00,Other,太陽能(Solar),0.0,,,,,,
2025-07-17 20:30:00,Other,太陽能(Solar),0.0,,,,,,
2025-07-17 20:40:00,Other,太陽能(Solar),0.0,,,,,,
2025-07-17 20:50:00,Other,太陽能(Solar),0.0,,,,,,
2025-07-17 21:00:00,Other,太陽能(Solar),0.0,,,,,,
2025-07-17 21:10:00,Other,太陽能(Solar),0.0,,,,,,
2025-07-17 21:20:00,Other,太陽能(Solar),0.0,,,,,,
2025-07-17 21:30:00,Other,太陽能(Solar),0.0,,,,,,
2025-07-17 21:40:00,Other,太陽能(Solar),0.0,,,,,,
2025-07-17 21:50:00,Other,太陽能(Solar),0.0,,,,,,
2025-07-17 22:00:00,Other,太陽能(Solar),0.0,,,,,,
2025-07-17 22:10:00,Other,太陽能(Solar),0.0,,,,,,
2025-07-17 22:20:00,Other,太陽能(Solar),0.0,,,,,,
2025-07-17 22:30:00,Other,太陽能(Solar),0.0,,,,,,
2025-07-17 22:40:00,Other,太陽能(Solar),0.0,,,,,,
2025-07-17 22:50:00,Other,太陽能(Solar),0.0,,,,,,
2025-07-17 23:00:00,Other,太陽能(Solar),0.0,,,,,,
2025-07-17 23:10:00,Other,太陽能(Solar),0.0,,,,,,
2025-07-17 23:20:00,Other,太陽能(Solar),0.0,,,,,,
2025-07-17 23:30:00,Other,太陽能(Solar),0.0,,,,,,
2025-07-17 23:40:00,Other,太陽能(Solar),0.0,,,,,,
2025-07-17 23:50:00,Other,太陽能(Solar),0.0,,,,,,
2025-07-18 00:00:00,Other,太陽能(Solar),0.0,,,,,,
2025-07-18 00:10:00,Other,太陽能(Solar),0.0,,,,,,
2025-07-18 00:20:00,Other,太陽能(Solar),0.0,,,,,,
2025-07-18 00:30:00,Other,太陽能(Solar),0.0,,,,,,
2025-07-18 00:40:00,Other,太陽能(Solar),0.0,,,,,,
2025-07-18 00:50:00,Other,太陽能(Solar),0.0,,,,,,
2025-07-18 01:00:00,Other,太陽能(Solar),0.0,,,,,,
2025-07-18 01:10:00,Other,太陽能(Solar),0.0,,,,,,
2025-07-18 01:20:00,Other,太陽能(Solar),0.0,,,,,,
2025-07-18 01:30:00,Other,太陽能(Solar),0.0,,,,,,
2025-07-18 01:40:00,Other,太陽能(Solar),0.0,,,,,,
2025-07-18 01:50:00,Other,太陽能(Solar),0.0,,,,,,
2025-07-18 02:00:00,Other,太陽能(Solar),0.0,,,,,,
2025-07-18 02:10:00,Other,太陽能(Solar),0.0,,,,,,
2025-07-18 02:20:00,Other,太陽能(Solar),0.0,,,,,,
2025-07-18 02:30:00,Other,太陽能(Solar),0.0,,,,,,
2025-07-18 02:40:00,Other,太陽能(Solar),0.0,,,,,,
2025-07-18 02:50:00,Other,太陽能(Solar),0.0,,,,,,
2025-07-18 03:00:00,Other,太陽能(Solar),0.0,,,,,,
2025-07-18 03:10:00,Other,太陽能(Solar),0.0,,,,,,
2025-07-18 03:20:00,Other,太陽能(Solar),0.0,,,,,,
2025-07-18 03:30:00,Other,太陽能(Solar),0.0,,,,,,
2025-07-18 03:40:00,Other,太陽能(Solar),0.0,,,,,,
2025-07-18 03:50:00,Other,太陽能(Solar),0.0,,,,,,
2025-07-18 04:00:00,Other,太陽能(Solar),0.0,,,,,,
2025-07-18 04:10:00,Other,太陽能(Solar),0.0,,,,,,
2025-07-18 04:20:00,Other,太陽能(Solar),0.0,,,,,,
2025-07-18 04:30:00,Other,太陽能(Solar),0.0,,,,,,
2025-07-18 04:40:00,Other,太陽能(Solar),0.0,,,,,,
2025-07-18 04:50:00,Other,太陽能(Solar),0.0,,,,,,
2025-07-18 05:00:00,Other,太陽能(Solar),0.0,,,,,,
2025-07-18 05:10:00,Other,太陽能(Solar),0.0,,,,,,
2025-07-18 05:20:00,Other,太陽能(Solar),0.0,,,,,,
2025-07-18 05:30:00,Other,太陽能(Solar),0.0,,,,,,
2025-07-18 05:40:00,Other,太陽能(Solar),0.015,,,,,,
2025-07-18 05:50:00,Other,太陽能(Solar),51.18,,,,,,
2025-07-18 06:00:00,Other,太陽能(Solar),173.19400000000002,,,,,,
2025-07-18 06:10:00,Other,太陽能(Solar),306.67900000000003,,,,,,
2025-07-18 06:20:00,Other,太陽能(Solar),455.111,,,,,,
2025-07-18 06:30:00,Other,太陽能(Solar),630.8280000000001,,,,,,
2025-07-18 06:40:00,Other,太陽能(Solar),846.876,,,,,,
2025-07-18 06:50:00,Other,太陽能(Solar),1100.194,,,,,,
2025-07-18 07:00:00,Other,太陽能(Solar),1371.645,,,,,,
2025-07-18 07:10:00,Other,太陽能(Solar),1683.497,,,,,,
2025-07-18 07:20:00,Other,太陽能(Solar),1981.242,,,,,,
2025-07-18 07:30:00,Other,太陽能(Solar),2321.482,,,,,,
2025-07-18 07:40:00,Other,太陽能(Solar),2623.268,,,,,,
2025-07-18 07:50:00,Other,太陽能(Solar),2930.9300000000003,,,,,,
2025-07-18 08:00:00,Other,太陽能(Solar),3323.797,,,,,,
2025-07-18 08:10:00,Other,太陽能(Solar),3681.335,,,,,,
2025-07-18 08:20:00,Other,太陽能(Solar),4089.275,,,,,,
2025-07-18 08:30:00,Other,太陽能(Solar),4420.187,,,,,,
2025-07-18 08:40:00,Other,太陽能(Solar),4799.178,,,,,,
2025-07-18 08:50:00,Other,太陽能(Solar),5058.964,,,,,,
2025-07-18 09:00:00,Other,太陽能(Solar),5254.558,,,,,,
2025-07-18 09:10:00,Other,太陽能(Solar),5453.612,,,,,,
2025-07-18 09:20:00,Other,太陽能(Solar),5793.218,,,,,,
2025-07-18 09:30:00,Other,太陽能(Solar),5854.345,,,,,,
2025-07-18 09:40:00,Other,太陽能(Solar),6040.009,,,,,,
2025-07-18 09:50:00,Other,太陽能(Solar),6150.619,,,,,,
2025-07-18 10:00:00,Other,太陽能(Solar),6384.2390000000005,,,,,,
2025-07-18 10:10:00,Other,太陽能(Solar),6502.709,,,,,,
2025-07-18 10:20:00,Other,太陽能(Solar),6716.847,,,,,,
2025-07-18 10:30:00,Other,太陽能(Solar),6824.9220000000005,,,,,,
2025-07-18 10:40:00,Other,太陽能(Solar),6941.635,,,,,,
2025-07-18 10:50:00,Other,太陽能(Solar),7055.401,,,,,,
2025-07-18 11:00:00,Other,太陽能(Solar),7125.929,,,,,,
2025-07-18 11:10:00,Other,太陽能(Solar),7063.761,,,,,,
2025-07-18 11:20:00,Other,太陽能(Solar),7260.249,,,,,,
2025-07-18 11:30:00,Other,太陽能(Solar),7164.38,,,,,,
2025-07-18 11:40:00,Other,太陽能(Solar),7085.201999999999,,,,,,
2025-07-18 11:50:00,Other,太陽能(Solar),7116.33,,,,,,
2025-07-18 12:00:00,Other,太陽能(Solar),7151.176,,,,,,
2025-07-18 12:10:00,Other,太陽能(Solar),7198.246,,,,,,
2025-07-18 12:20:00,Other,太陽能(Solar),7104.316,,,,,,
2025-07-18 12:30:00,Other,太陽能(Solar),7071.888999999999,,,,,,
2025-07-18 12:40:00,Other,太陽能(Solar),6971.897999999999,,,,,,
2025-07-18 12:50:00,Other,太陽能(Solar),6883.646,,,,,,
2025-07-18 13:00:00,Other,太陽能(Solar),6816.477,,,,,,
2025-07-18 13:10:00,Other,太陽能(Solar),6727.432,,,,,,
2025-07-18 13:20:00,Other,太陽能(Solar),6477.4800000000005,,,,,,
2025-07-18 13:30:00,Other,太陽能(Solar),6184.77,,,,,,
2025-07-18 13:40:00,Other,太陽能(Solar),5835.639,,,,,,
2025-07-18 13:50:00,Other,太陽能(Solar),5816.472,,,,,,
2025-07-18 14:00:00,Other,太陽能(Solar),5897.13,,,,,,
2025-07-18 14:10:00,Other,太陽能(Solar),5610.631,,,,,,
2025-07-18 14:20:00,Other,太陽能(Solar),5348.953,,,,,,
2025-07-18 14:30:00,Other,太陽能(Solar),5192.665,,,,,,
2025-07-18 14:40:00,Other,太陽能(Solar),5123.179999999999,,,,,,
2025-07-18 14:50:00,Other,太陽能(Solar),4848.989,,,,,,
2025-07-18 15:00:00,Other,太陽能(Solar),4479.887000000001,,,,,,
2025-07-18 15:10:00,Other,太陽能(Solar),4255.66,,,,,,
2025-07-18 15:20:00,Other,太陽能(Solar),4081.043,,,,,,
2025-07-18 15:30:00,Other,太陽能(Solar),3621.431,,,,,,
2025-07-18 15:40:00,Other,太陽能(Solar),3287.0060000000003,,,,,,
2025-07-18 15:50:00,Other,太陽能(Solar),3216.468,,,,,,
2025-07-18 16:00:00,Other,太陽能(Solar),3065.6470000000004,,,,,,
2025-07-18 16:10:00,Other,太陽能(Solar),2727.719,,,,,,
2025-07-18 16:20:00,Other,太陽能(Solar),2620.374,,,,,,
2025-07-18 16:30:00,Other,太陽能(Solar),2534.705,,,,,,
2025-07-18 16:40:00,Other,太陽能(Solar),2227.519,,,,,,
2025-07-18 16:50:00,Other,太陽能(Solar),2023.595,,,,,,
2025-07-18 17:00:00,Other,太陽能(Solar),1805.552,,,,,,
2025-07-18 17:10:00,Other,太陽能(Solar),1570.199,,,,,,
2025-07-18 17:20:00,Other,太陽能(Solar),1405.147,,,,,,
2025-07-18 17:30:00,Other,太陽能(Solar),1226.641,,,,,,
2025-07-18 17:40:00,Other,太陽能(Solar),911.369,,,,,,
2025-07-18 17:50:00,Other,太陽能(Solar),757.817,,,,,,
2025-07-18 18:00:00,Other,太陽能(Solar),549.119,,,,,,
2025-07-18 18:10:00,Other,太陽能(Solar),408.786,,,,,,
2025-07-18 18:20:00,Other,太陽能(Solar),247.209,,,,,,
2025-07-18 18:30:00,Other,太陽能(Solar),155.494,,,,,,
2025-07-18 18:40:00,Other,太陽能(Solar),112.757,,,,,,
2025-07-18 18:50:00,Other,太陽能(Solar),47.88,,,,,,
2025-07-18 19:00:00,Other,太陽能(Solar),0.0,,,,,,
2025-07-18 19:10:00,Other,太陽能(Solar),0.0,,,,,,
2025-07-18 19:20:00,Other,太陽能(Solar),0.0,,,,,,
2025-07-18 19:30:00,Other,太陽能(Solar),0.0,,,,,,
2025-07-18 19:40:00,Other,太陽能(Solar),0.0,,,,,,
2025-07-18 19:50:00,Other,太陽能(Solar),0.0,,,,,,
2025-07-18 20:00:00,Other,太陽能(Solar),0.0,,,,,,
2025-07-18 20:10:00,Other,太陽能(Solar),0.0,,,,,,
2025-07-18 20:20:00,Other,太陽能(Solar),0.0,,,,,,
2025-07-18 20:30:00,Other,太陽能(Solar),0.0,,,,,,
2025-07-18 20:40:00,Other,太陽能(Solar),0.0,,,,,,
2025-07-18 20:50:00,Other,太陽能(Solar),0.0,,,,,,
2025-07-18 21:00:00,Other,太陽能(Solar),0.0,,,,,,
2025-07-18 21:10:00,Other,太陽能(Solar),0.0,,,,,,
2025-07-18 21:20:00,Other,太陽能(Solar),0.0,,,,,,
2025-07-18 21:30:00,Other,太陽能(Solar),0.0,,,,,,
2025-07-18 21:40:00,Other,太陽能(Solar),0.0,,,,,,
2025-07-18 21:50:00,Other,太陽能(Solar),0.0,,,,,,
2025-07-18 22:00:00,Other,太陽能(Solar),0.0,,,,,,
2025-07-18 22:10:00,Other,太陽能(Solar),0.0,,,,,,
2025-07-18 22:20:00,Other,太陽能(Solar),0.0,,,,,,
2025-07-18 22:30:00,Other,太陽能(Solar),0.0,,,,,,
2025-07-18 22:40:00,Other,太陽能(Solar),0.0,,,,,,
2025-07-18 22:50:00,Other,太陽能(Solar),0.0,,,,,,
2025-07-18 23:00:00,Other,太陽能(Solar),0.0,,,,,,
2025-07-18 23:10:00,Other,太陽能(Solar),0.0,,,,,,
2025-07-18 23:20:00,Other,太陽能(Solar),0.0,,,,,,
2025-07-18 23:30:00,Other,太陽能(Solar),0.0,,,,,,
2025-07-18 23:40:00,Other,太陽能(Solar),0.0,,,,,,
2025-07-18 23:50:00,Other,太陽能(Solar),0.0,,,,,,
2025-07-19 00:00:00,Other,太陽能(Solar),0.0,,,,,,
2025-07-19 00:10:00,Other,太陽能(Solar),0.0,,,,,,
2025-07-19 00:20:00,Other,太陽能(Solar),0.0,,,,,,
2025-07-19 00:30:00,Other,太陽能(Solar),0.0,,,,,,
2025-07-19 00:40:00,Other,太陽能(Solar),0.0,,,,,,
2025-07-19 00:50:00,Other,太陽能(Solar),0.0,,,,,,
2025-07-19 01:00:00,Other,太陽能(Solar),0.0,,,,,,
2025-07-19 01:10:00,Other,太陽能(Solar),0.0,,,,,,
2025-07-19 01:20:00,Other,太陽能(Solar),0.0,,,,,,
2025-07-19 01:30:00,Other,太陽能(Solar),0.0,,,,,,
2025-07-19 01:40:00,Other,太陽能(Solar),0.0,,,,,,
2025-07-19 01:50:00,Other,太陽能(Solar),0.0,,,,,,
2025-07-19 02:00:00,Other,太陽能(Solar),0.0,,,,,,
2025-07-19 02:10:00,Other,太陽能(Solar),0.0,,,,,,
2025-07-19 02:20:00,Other,太陽能(Solar),0.0,,,,,,
2025-07-19 02:30:00,Other,太陽能(Solar),0.0,,,,,,
2025-07-19 02:40:00,Other,太陽能(Solar),0.0,,,,,,
2025-07-19 02:50:00,Other,太陽能(Solar),0.0,,,,,,
2025-07-19 03:00:00,Other,太陽能(Solar),0.0,,,,,,
2025-07-19 03:10:00,Other,太陽能(Solar),0.0,,,,,,
2025-07-19 03:20:00,Other,太陽能(Solar),0.0,,,,,,
2025-07-19 03:30:00,Other,太陽能(Solar),0.0,,,,,,
2025-07-19 03:40:00,Other,太陽能(Solar),0.0,,,,,,
2025-07-19 03:50:00,Other,太陽能(Solar),0.0,,,,,,
2025-07-19 04:00:00,Other,太陽能(Solar),0.0,,,,,,
2025-07-19 04:10:00,Other,太陽能(Solar),0.0,,,,,,
2025-07-19 04:20:00,Other,太陽能(Solar),0.0,,,,,,
2025-07-19 04:30:00,Other,太陽能(Solar),0.0,,,,,,
2025-07-19 04:40:00,Other,太陽能(Solar),0.0,,,,,,
2025-07-19 04:50:00,Other,太陽能(Solar),0.0,,,,,,
2025-07-19 05:00:00,Other,太陽能(Solar),0.0,,,,,,
2025-07-19 05:10:00,Other,太陽能(Solar),0.0,,,,,,
2025-07-19 05:20:00,Other,太陽能(Solar),0.0,,,,,,
2025-07-19 05:30:00,Other,太陽能(Solar),0.0,,,,,,
2025-07-19 05:40:00,Other,太陽能(Solar),0.0,,,,,,
2025-07-19 05:50:00,Other,太陽能(Solar),0.006,,,,,,
2025-07-19 06:00:00,Other,太陽能(Solar),0.019,,,,,,
2025-07-19 06:10:00,Other,太陽能(Solar),15.45,,,,,,
2025-07-19 06:20:00,Other,太陽能(Solar),40.356,,,,,,
2025-07-19 06:30:00,Other,太陽能(Solar),71.518,,,,,,
2025-07-19 06:40:00,Other,太陽能(Solar),91.053,,,,,,
2025-07-19 06:50:00,Other,太陽能(Solar),129.60299999999998,,,,,,
2025-07-19 07:00:00,Other,太陽能(Solar),182.262,,,,,,
2025-07-19 07:10:00,Other,太陽能(Solar),248.928,,,,,,
2025-07-19 07:20:00,Other,太陽能(Solar),333.875,,,,,,
2025-07-19 07:30:00,Other,太陽能(Solar),380.662,,,,,,
2025-07-19 07:40:00,Other,太陽能(Solar),412.2240000000001,,,,,,
2025-07-19 07:50:00,Other,太陽能(Solar),515.958,,,,,,
2025-07-19 08:00:00,Other,太陽能(Solar),593.633,,,,,,
2025-07-19 08:10:00,Other,太陽能(Solar),639.647,,,,,,
2025-07-19 08:20:00,Other,太陽能(Solar),733.225,,,,,,
2025-07-19 08:30:00,Other,太陽能(Solar),875.918,,,,,,
2025-07-19 08:40:00,Other,太陽能(Solar),1130.677,,,,,,
2025-07-19 08:50:00,Other,太陽能(Solar),1350.733,,,,,,
2025-07-19 09:00:00,Other,太陽能(Solar),1585.959,,,,,,
2025-07-19 09:10:00,Other,太陽能(Solar),1687.035,,,,,,
2025-07-19 09:20:00,Other,太陽能(Solar),1624.067,,,,,,
2025-07-19 09:30:00,Other,太陽能(Solar),1820.614,,,,,,
2025-07-19 09:40:00,Other,太陽能(Solar),1966.971,,,,,,
2025-07-19 09:50:00,Other,太陽能(Solar),1952.063,,,,,,
2025-07-19 10:00:00,Other,太陽能(Solar),2004.343,,,,,,
2025-07-19 10:10:00,Other,太陽能(Solar),2240.584,,,,,,
2025-07-19 10:20:00,Other,太陽能(Solar),2453.611,,,,,,
2025-07-19 10:30:00,Other,太陽能(Solar),2390.756,,,,,,
2025-07-19 10:40:00,Other,太陽能(Solar),2194.637,,,,,,
2025-07-19 10:50:00,Other,太陽能(Solar),2144.347,,,,,,
2025-07-19 11:00:00,Other,太陽能(Solar),2167.177,,,,,,
2025-07-19 11:10:00,Other,太陽能(Solar),2238.588,,,,,,
2025-07-19 11:20:00,Other,太陽能(Solar),2183.228,,,,,,
2025-07-19 11:30:00,Other,太陽能(Solar),2295.451,,,,,,
2025-07-19 11:40:00,Other,太陽能(Solar),2287.958,,,,,,
2025-07-19 11:50:00,Other,太陽能(Solar),2358.797,,,,,,
2025-07-19 12:00:00,Other,太陽能(Solar),2420.127,,,,,,
2025-07-19 12:10:00,Other,太陽能(Solar),2469.689,,,,,,
2025-07-19 12:20:00,Other,太陽能(Solar),2748.5750000000003,,,,,,
2025-07-19 12:30:00,Other,太陽能(Solar),2556.208,,,,,,
2025-07-19 12:40:00,Other,太陽能(Solar),2350.119,,,,,,
2025-07-19 12:50:00,Other,太陽能(Solar),2511.358,,,,,,
2025-07-19 13:00:00,Other,太陽能(Solar),2691.739,,,,,,
2025-07-19 13:10:00,Other,太陽能(Solar),2319.115,,,,,,
2025-07-19 13:20:00,Other,太陽能(Solar),2072.057,,,,,,
2025-07-19 13:30:00,Other,太陽能(Solar),2172.148,,,,,,
2025-07-19 13:40:00,Other,太陽能(Solar),1901.164,,,,,,
2025-07-19 13:50:00,Other,太陽能(Solar),2030.781,,,,,,
2025-07-19 14:00:00,Other,太陽能(Solar),1957.788,,,,,,
2025-07-19 14:10:00,Other,太陽能(Solar),1969.856,,,,,,
2025-07-19 14:20:00,Other,太陽能(Solar),2012.753,,,,,,
2025-07-19 14:30:00,Other,太陽能(Solar),1998.872,,,,,,
2025-07-19 14:40:00,Other,太陽能(Solar),2208.937,,,,,,
2025-07-19 14:50:00,Other,太陽能(Solar),2291.784,,,,,,
2025-07-19 15:00:00,Other,太陽能(Solar),2279.459,,,,,,
2025-07-19 15:10:00,Other,太陽能(Solar),2296.347,,,,,,
2025-07-19 15:20:00,Other,太陽能(Solar),2265.923,,,,,,
2025-07-19 15:30:00,Other,太陽能(Solar),2173.622,,,,,,
2025-07-19 15:40:00,Other,太陽能(Solar),2065.143,,,,,,
2025-07-19 15:50:00,Other,太陽能(Solar),1910.87,,,,,,
2025-07-19 16:00:00,Other,太陽能(Solar),1778.303,,,,,,
2025-07-19 16:10:00,Other,太陽能(Solar),1713.778,,,,,,
2025-07-19 16:20:00,Other,太陽能(Solar),1666.187,,,,,,
2025-07-19 16:30:00,Other,太陽能(Solar),1496.033,,,,,,
2025-07-19 16:40:00,Other,太陽能(Solar),1241.533,,,,,,
2025-07-19 16:50:00,Other,太陽能(Solar),1041.7489999999998,,,,,,
2025-07-19 17:00:00,Other,太陽能(Solar),913.168,,,,,,
2025-07-19 17:10:00,Other,太陽能(Solar),836.087,,,,,,
2025-07-19 17:20:00,Other,太陽能(Solar),716.839,,,,,,
2025-07-19 17:30:00,Other,太陽能(Solar),635.942,,,,,,
2025-07-19 17:40:00,Other,太陽能(Solar),540.93,,,,,,
2025-07-19 17:50:00,Other,太陽能(Solar),408.436,,,,,,
2025-07-19 18:00:00,Other,太陽能(Solar),288.497,,,,,,
2025-07-19 18:10:00,Other,太陽能(Solar),214.915,,,,,,
2025-07-19 18:20:00,Other,太陽能(Solar),142.558,,,,,,
2025-07-19 18:30:00,Other,太陽能(Solar),68.55199999999999,,,,,,
2025-07-19 18:40:00,Other,太陽能(Solar),14.565,,,,,,
2025-07-19 18:50:00,Other,太陽能(Solar),0.0,,,,,,
2025-07-19 19:00:00,Other,太陽能(Solar),0.0,,,,,,
2025-07-19 19:10:00,Other,太陽能(Solar),0.0,,,,,,
2025-07-19 19:20:00,Other,太陽能(Solar),0.0,,,,,,
2025-07-19 19:30:00,Other,太陽能(Solar),0.0,,,,,,
2025-07-19 19:40:00,Other,太陽能(Solar),0.0,,,,,,
2025-07-19 19:50:00,Other,太陽能(Solar),0.0,,,,,,
2025-07-19 20:00:00,Other,太陽能(Solar),0.0,,,,,,
2025-07-19 20:10:00,Other,太陽能(Solar),0.0,,,,,,
2025-07-19 20:20:00,Other,太陽能(Solar),0.0,,,,,,
2025-07-19 20:30:00,Other,太陽能(Solar),0.0,,,,,,
2025-07-19 20:40:00,Other,太陽能(Solar),0.0,,,,,,
2025-07-19 20:50:00,Other,太陽能(Solar),0.0,,,,,,
2025-07-19 21:00:00,Other,太陽能(Solar),0.0,,,,,,
2025-07-19 21:10:00,Other,太陽能(Solar),0.0,,,,,,
2025-07-19 21:20:00,Other,太陽能(Solar),0.0,,,,,,
2025-07-19 21:30:00,Other,太陽能(Solar),0.0,,,,,,
2025-07-19 21:40:00,Other,太陽能(Solar),0.0,,,,,,
2025-07-19 21:50:00,Other,太陽能(Solar),0.0,,,,,,
2025-07-19 22:00:00,Other,太陽能(Solar),0.0,,,,,,
2025-07-19 22:10:00,Other,太陽能(Solar),0.0,,,,,,
2025-07-19 22:20:00,Other,太陽能(Solar),0.0,,,,,,
2025-07-19 22:30:00,Other,太陽能(Solar),0.0,,,,,,
2025-07-19 22:40:00,Other,太陽能(Solar),0.0,,,,,,
2025-07-19 22:50:00,Other,太陽能(Solar),0.0,,,,,,
2025-07-19 23:00:00,Other,太陽能(Solar),0.0,,,,,,
2025-07-19 23:10:00,Other,太陽能(Solar),0.0,,,,,,
2025-07-19 23:20:00,Other,太陽能(Solar),0.0,,,,,,
2025-07-19 23:30:00,Other,太陽能(Solar),0.0,,,,,,
2025-07-19 23:40:00,Other,太陽能(Solar),0.0,,,,,,
2025-07-19 23:50:00,Other,太陽能(Solar),0.0,,,,,,
2025-07-20 00:00:00,Other,太陽能(Solar),0.0,,,,,,
2025-07-20 00:10:00,Other,太陽能(Solar),0.0,,,,,,
2025-07-20 00:20:00,Other,太陽能(Solar),0.0,,,,,,
2025-07-20 00:30:00,Other,太陽能(Solar),0.0,,,,,,
2025-07-20 00:40:00,Other,太陽能(Solar),0.0,,,,,,
2025-07-20 00:50:00,Other,太陽能(Solar),0.0,,,,,,
2025-07-20 01:00:00,Other,太陽能(Solar),0.0,,,,,,
2025-07-20 01:10:00,Other,太陽能(Solar),0.0,,,,,,
2025-07-20 01:20:00,Other,太陽能(Solar),0.0,,,,,,
2025-07-20 01:30:00,Other,太陽能(Solar),0.0,,,,,,
2025-07-20 01:40:00,Other,太陽能(Solar),0.0,,,,,,
2025-07-20 01:50:00,Other,太陽能(Solar),0.0,,,,,,
2025-07-20 02:00:00,Other,太陽能(Solar),0.0,,,,,,
2025-07-20 02:10:00,Other,太陽能(Solar),0.0,,,,,,
2025-07-20 02:20:00,Other,太陽能(Solar),0.0,,,,,,
2025-07-20 02:30:00,Other,太陽能(Solar),0.0,,,,,,
2025-07-20 02:40:00,Other,太陽能(Solar),0.0,,,,,,
2025-07-20 02:50:00,Other,太陽能(Solar),0.0,,,,,,
2025-07-20 03:00:00,Other,太陽能(Solar),0.0,,,,,,
2025-07-20 03:10:00,Other,太陽能(Solar),0.0,,,,,,
2025-07-20 03:20:00,Other,太陽能(Solar),0.0,,,,,,
2025-07-20 03:30:00,Other,太陽能(Solar),0.0,,,,,,
2025-07-20 03:40:00,Other,太陽能(Solar),0.0,,,,,,
2025-07-20 03:50:00,Other,太陽能(Solar),0.0,,,,,,
2025-07-20 04:00:00,Other,太陽能(Solar),0.0,,,,,,
2025-07-20 04:10:00,Other,太陽能(Solar),0.0,,,,,,
2025-07-20 04:20:00,Other,太陽能(Solar),0.0,,,,,,
2025-07-20 04:30:00,Other,太陽能(Solar),0.0,,,,,,
2025-07-20 04:40:00,Other,太陽能(Solar),0.0,,,,,,
2025-07-20 04:50:00,Other,太陽能(Solar),0.0,,,,,,
2025-07-20 05:00:00,Other,太陽能(Solar),0.0,,,,,,
2025-07-20 05:10:00,Other,太陽能(Solar),0.0,,,,,,
2025-07-20 05:20:00,Other,太陽能(Solar),0.0,,,,,,
2025-07-20 05:30:00,Other,太陽能(Solar),0.006,,,,,,
2025-07-20 05:40:00,Other,太陽能(Solar),0.01,,,,,,
2025-07-20 05:50:00,Other,太陽能(Solar),27.099,,,,,,
2025-07-20 06:00:00,Other,太陽能(Solar),80.241,,,,,,
2025-07-20 06:10:00,Other,太陽能(Solar),153.61200000000002,,,,,,
2025-07-20 06:20:00,Other,太陽能(Solar),228.706,,,,,,
2025-07-20 06:30:00,Other,太陽能(Solar),302.43100000000004,,,,,,
2025-07-20 06:40:00,Other,太陽能(Solar),384.12,,,,,,
2025-07-20 06:50:00,Other,太陽能(Solar),477.207,,,,,,
2025-07-20 07:00:00,Other,太陽能(Solar),536.2959999999999,,,,,,
2025-07-20 07:10:00,Other,太陽能(Solar),642.222,,,,,,
2025-07-20 07:20:00,Other,太陽能(Solar),751.987,,,,,,
2025-07-20 07:30:00,Other,太陽能(Solar),866.33,,,,,,
2025-07-20 07:40:00,Other,太陽能(Solar),1091.1360000000002,,,,,,
2025-07-20 07:50:00,Other,太陽能(Solar),1307.535,,,,,,
2025-07-20 08:00:00,Other,太陽能(Solar),1401.207,,,,,,
2025-07-20 08:10:00,Other,太陽能(Solar),1462.491,,,,,,
2025-07-20 08:20:00,Other,太陽能(Solar),1542.802,,,,,,
2025-07-20 08:30:00,Other,太陽能(Solar),1593.1850000000002,,,,,,
2025-07-20 08:40:00,Other,太陽能(Solar),1705.692,,,,,,
2025-07-20 08:50:00,Other,太陽能(Solar),1722.107,,,,,,
2025-07-20 09:00:00,Other,太陽能(Solar),1914.885,,,,,,
2025-07-20 09:10:00,Other,太陽能(Solar),1948.003,,,,,,
2025-07-20 09:20:00,Other,太陽能(Solar),2216.274,,,,,,
2025-07-20 09:30:00,Other,太陽能(Solar),2261.932,,,,,,
2025-07-20 09:40:00,Other,太陽能(Solar),2269.17,,,,,,
2025-07-20 09:50:00,Other,太陽能(Solar),2292.315,,,,,,
2025-07-20 10:00:00,Other,太陽能(Solar),2500.266,,,,,,
2025-07-20 10:10:00,Other,太陽能(Solar),2535.351,,,,,,
2025-07-20 10:20:00,Other,太陽能(Solar),2756.907,,,,,,
2025-07-20 10:30:00,Other,太陽能(Solar),3049.251,,,,,,
2025-07-20 10:40:00,Other,太陽能(Solar),3279.2180000000003,,,,,,
2025-07-20 10:50:00,Other,太陽能(Solar),3465.021,,,,,,
2025-07-20 11:00:00,Other,太陽能(Solar),3518.124,,,,,,
2025-07-20 11:10:00,Other,太陽能(Solar),3640.24,,,,,,
2025-07-20 11:20:00,Other,太陽能(Solar),3879.322,,,,,,
2025-07-20 11:30:00,Other,太陽能(Solar),3933.966,,,,,,
2025-07-20 11:40:00,Other,太陽能(Solar),4024.974,,,,,,
2025-07-20 11:50:00,Other,太陽能(Solar),3949.642,,,,,,
2025-07-20 12:00:00,Other,太陽能(Solar),3764.1,,,,,,
2025-07-20 12:10:00,Other,太陽能(Solar),3639.299,,,,,,
2025-07-20 12:20:00,Other,太陽能(Solar),3569.547,,,,,,
2025-07-20 12:30:00,Other,太陽能(Solar),3366.717,,,,,,
2025-07-20 12:40:00,Other,太陽能(Solar),3368.119,,,,,,
2025-07-20 12:50:00,Other,太陽能(Solar),3525.835,,,,,,
2025-07-20 13:00:00,Other,太陽能(Solar),3472.7,,,,,,
2025-07-20 13:10:00,Other,太陽能(Solar),3303.59,,,,,,
2025-07-20 13:20:00,Other,太陽能(Solar),3304.777,,,,,,
2025-07-20 13:30:00,Other,太陽能(Solar),3522.052,,,,,,
2025-07-20 13:40:00,Other,太陽能(Solar),3537.816,,,,,,
2025-07-20 13:50:00,Other,太陽能(Solar),3405.315,,,,,,
2025-07-20 14:00:00,Other,太陽能(Solar),3335.744,,,,,,
2025-07-20 14:10:00,Other,太陽能(Solar),3227.2540000000004,,,,,,
2025-07-20 14:20:00,Other,太陽能(Solar),3232.095,,,,,,
2025-07-20 14:30:00,Other,太陽能(Solar),3120.045,,,,,,
2025-07-20 14:40:00,Other,太陽能(Solar),2999.326,,,,,,
2025-07-20 14:50:00,Other,太陽能(Solar),2950.5060000000003,,,,,,
2025-07-20 15:00:00,Other,太陽能(Solar),2853.527,,,,,,
2025-07-20 15:10:00,Other,太陽能(Solar),2812.89,,,,,,
2025-07-20 15:20:00,Other,太陽能(Solar),2742.146,,,,,,
2025-07-20 15:30:00,Other,太陽能(Solar),2630.612,,,,,,
2025-07-20 15:40:00,Other,太陽能(Solar),2564.548,,,,,,
2025-07-20 15:50:00,Other,太陽能(Solar),2432.903,,,,,,
2025-07-20 16:00:00,Other,太陽能(Solar),2147.017,,,,,,
2025-07-20 16:10:00,Other,太陽能(Solar),2018.29,,,,,,
2025-07-20 16:20:00,Other,太陽能(Solar),1698.294,,,,,,
2025-07-20 16:30:00,Other,太陽能(Solar),1549.092,,,,,,
2025-07-20 16:40:00,Other,太陽能(Solar),1474.99,,,,,,
2025-07-20 16:50:00,Other,太陽能(Solar),1407.109,,,,,,
2025-07-20 17:00:00,Other,太陽能(Solar),1353.381,,,,,,
2025-07-20 17:10:00,Other,太陽能(Solar),1187.873,,,,,,
2025-07-20 17:20:00,Other,太陽能(Solar),991.501,,,,,,
2025-07-20 17:30:00,Other,太陽能(Solar),799.179,,,,,,
2025-07-20 17:40:00,Other,太陽能(Solar),700.283,,,,,,
2025-07-20 17:50:00,Other,太陽能(Solar),587.682,,,,,,
2025-07-20 18:00:00,Other,太陽能(Solar),454.14,,,,,,
2025-07-20 18:10:00,Other,太陽能(Solar),369.01,,,,,,
2025-07-20 18:20:00,Other,太陽能(Solar),266.776,,,,,,
2025-07-20 18:30:00,Other,太陽能(Solar),146.03199999999998,,,,,,
2025-07-20 18:40:00,Other,太陽能(Solar),64.464,,,,,,
2025-07-20 18:50:00,Other,太陽能(Solar),22.766,,,,,,
2025-07-20 19:00:00,Other,太陽能(Solar),0.0,,,,,,
2025-07-20 19:10:00,Other,太陽能(Solar),0.0,,,,,,
2025-07-20 19:20:00,Other,太陽能(Solar),0.0,,,,,,
2025-07-20 19:30:00,Other,太陽能(Solar),0.0,,,,,,
2025-07-20 19:40:00,Other,太陽能(Solar),0.0,,,,,,
2025-07-20 19:50:00,Other,太陽能(Solar),0.0,,,,,,
2025-07-20 20:00:00,Other,太陽能(Solar),0.0,,,,,,
2025-07-20 20:10:00,Other,太陽能(Solar),0.0,,,,,,
2025-07-20 20:20:00,Other,太陽能(Solar),0.0,,,,,,
2025-07-20 20:30:00,Other,太陽能(Solar),0.0,,,,,,
2025-07-20 20:40:00,Other,太陽能(Solar),0.0,,,,,,
2025-07-20 20:50:00,Other,太陽能(Solar),0.0,,,,,,
2025-07-20 21:00:00,Other,太陽能(Solar),0.0,,,,,,
2025-07-20 21:10:00,Other,太陽能(Solar),0.0,,,,,,
2025-07-20 21:20:00,Other,太陽能(Solar),0.0,,,,,,
2025-07-20 21:30:00,Other,太陽能(Solar),0.0,,,,,,
2025-07-20 21:40:00,Other,太陽能(Solar),0.0,,,,,,
2025-07-20 21:50:00,Other,太陽能(Solar),0.0,,,,,,
2025-07-20 22:00:00,Other,太陽能(Solar),0.0,,,,,,
2025-07-20 22:10:00,Other,太陽能(Solar),0.0,,,,,,
2025-07-20 22:20:00,Other,太陽能(Solar),0.0,,,,,,
2025-07-20 22:30:00,Other,太陽能(Solar),0.0,,,,,,
2025-07-20 22:40:00,Other,太陽能(Solar),0.0,,,,,,
2025-07-20 22:50:00,Other,太陽能(Solar),0.0,,,,,,
2025-07-20 23:00:00,Other,太陽能(Solar),0.0,,,,,,
2025-07-20 23:10:00,Other,太陽能(Solar),0.0,,,,,,
2025-07-20 23:20:00,Other,太陽能(Solar),0.0,,,,,,
2025-07-20 23:30:00,Other,太陽能(Solar),0.0,,,,,,
2025-07-20 23:40:00,Other,太陽能(Solar),0.0,,,,,,
2025-07-20 23:50:00,Other,太陽能(Solar),0.0,,,,,,
2025-07-21 00:00:00,Other,太陽能(Solar),0.0,,,,,,
2025-07-21 00:10:00,Other,太陽能(Solar),0.0,,,,,,
2025-07-21 00:20:00,Other,太陽能(Solar),0.0,,,,,,
2025-07-21 00:30:00,Other,太陽能(Solar),0.0,,,,,,
2025-07-21 00:40:00,Other,太陽能(Solar),0.0,,,,,,
2025-07-21 00:50:00,Other,太陽能(Solar),0.0,,,,,,
2025-07-21 01:00:00,Other,太陽能(Solar),0.0,,,,,,
2025-07-21 01:10:00,Other,太陽能(Solar),0.0,,,,,,
2025-07-21 01:20:00,Other,太陽能(Solar),0.0,,,,,,
2025-07-21 01:30:00,Other,太陽能(Solar),0.0,,,,,,
2025-07-21 01:40:00,Other,太陽能(Solar),0.0,,,,,,
2025-07-21 01:50:00,Other,太陽能(Solar),0.0,,,,,,
2025-07-21 02:00:00,Other,太陽能(Solar),0.0,,,,,,
2025-07-21 02:10:00,Other,太陽能(Solar),0.0,,,,,,
2025-07-21 02:20:00,Other,太陽能(Solar),0.0,,,,,,
2025-07-21 02:30:00,Other,太陽能(Solar),0.0,,,,,,
2025-07-21 02:40:00,Other,太陽能(Solar),0.0,,,,,,
2025-07-21 02:50:00,Other,太陽能(Solar),0.0,,,,,,
2025-07-21 03:00:00,Other,太陽能(Solar),0.0,,,,,,
2025-07-21 03:10:00,Other,太陽能(Solar),0.0,,,,,,
2025-07-21 03:20:00,Other,太陽能(Solar),0.0,,,,,,
2025-07-21 03:30:00,Other,太陽能(Solar),0.0,,,,,,
2025-07-21 03:40:00,Other,太陽能(Solar),0.0,,,,,,
2025-07-21 03:50:00,Other,太陽能(Solar),0.0,,,,,,
2025-07-21 04:00:00,Other,太陽能(Solar),0.0,,,,,,
2025-07-21 04:10:00,Other,太陽能(Solar),0.0,,,,,,
2025-07-21 04:20:00,Other,太陽能(Solar),0.0,,,,,,
2025-07-21 04:30:00,Other,太陽能(Solar),0.0,,,,,,
2025-07-21 04:40:00,Other,太陽能(Solar),0.0,,,,,,
2025-07-21 04:50:00,Other,太陽能(Solar),0.0,,,,,,
2025-07-21 05:00:00,Other,太陽能(Solar),2.019,,,,,,
2025-07-21 05:10:00,Other,太陽能(Solar),2.019,,,,,,
2025-07-21 05:20:00,Other,太陽能(Solar),2.019,,,,,,
2025-07-21 05:30:00,Other,太陽能(Solar),1.459,,,,,,
2025-07-21 05:40:00,Other,太陽能(Solar),0.0,,,,,,
2025-07-21 05:50:00,Other,太陽能(Solar),19.503,,,,,,
2025-07-21 06:00:00,Other,太陽能(Solar),67.072,,,,,,
2025-07-21 06:10:00,Other,太陽能(Solar),136.589,,,,,,
2025-07-21 06:20:00,Other,太陽能(Solar),236.006,,,,,,
2025-07-21 06:30:00,Other,太陽能(Solar),354.784,,,,,,
2025-07-21 06:40:00,Other,太陽能(Solar),458.061,,,,,,
2025-07-21 06:50:00,Other,太陽能(Solar),563.529,,,,,,
2025-07-21 07:00:00,Other,太陽能(Solar),676.453,,,,,,
2025-07-21 07:10:00,Other,太陽能(Solar),780.2289999999999,,,,,,
2025-07-21 07:20:00,Other,太陽能(Solar),850.462,,,,,,
2025-07-21 07:30:00,Other,太陽能(Solar),933.415,,,,,,
2025-07-21 07:40:00,Other,太陽能(Solar),942.059,,,,,,
2025-07-21 07:50:00,Other,太陽能(Solar),1045.009,,,,,,
2025-07-21 08:00:00,Other,太陽能(Solar),1163.31,,,,,,
2025-07-21 08:10:00,Other,太陽能(Solar),1319.6989999999998,,,,,,
2025-07-21 08:20:00,Other,太陽能(Solar),1543.582,,,,,,
2025-07-21 08:30:00,Other,太陽能(Solar),1650.774,,,,,,
2025-07-21 08:40:00,Other,太陽能(Solar),1751.303,,,,,,
2025-07-21 08:50:00,Other,太陽能(Solar),1970.43,,,,,,
2025-07-21 09:00:00,Other,太陽能(Solar),2086.417,,,,,,
2025-07-21 09:10:00,Other,太陽能(Solar),2138.089,,,,,,
2025-07-21 09:20:00,Other,太陽能(Solar),2220.348,,,,,,
2025-07-21 09:30:00,Other,太陽能(Solar),2409.3810000000003,,,,,,
2025-07-21 09:40:00,Other,太陽能(Solar),2602.656,,,,,,
2025-07-21 09:50:00,Other,太陽能(Solar),2631.278,,,,,,
2025-07-21 10:00:00,Other,太陽能(Solar),2821.239,,,,,,
2025-07-21 10:10:00,Other,太陽能(Solar),2987.9770000000003,,,,,,
2025-07-21 10:20:00,Other,太陽能(Solar),3106.746,,,,,,
2025-07-21 10:30:00,Other,太陽能(Solar),3391.5640000000003,,,,,,
2025-07-21 10:40:00,Other,太陽能(Solar),3722.839,,,,,,
2025-07-21 10:50:00,Other,太陽能(Solar),3475.893,,,,,,
2025-07-21 11:00:00,Other,太陽能(Solar),3331.778,,,,,,
2025-07-21 11:10:00,Other,太陽能(Solar),3132.175,,,,,,
2025-07-21 11:20:00,Other,太陽能(Solar),3016.459,,,,,,
2025-07-21 11:30:00,Other,太陽能(Solar),2991.195,,,,,,
2025-07-21 11:40:00,Other,太陽能(Solar),3049.1870000000004,,,,,,
2025-07-21 11:50:00,Other,太陽能(Solar),3012.399,,,,,,
2025-07-21 12:00:00,Other,太陽能(Solar),3038.887,,,,,,
2025-07-21 12:10:00,Other,太陽能(Solar),3042.329,,,,,,
2025-07-21 12:20:00,Other,太陽能(Solar),3199.699,,,,,,
2025-07-21 12:30:00,Other,太陽能(Solar),3254.912,,,,,,
2025-07-21 12:40:00,Other,太陽能(Solar),3485.587,,,,,,
2025-07-21 12:50:00,Other,太陽能(Solar),3641.604,,,,,,
2025-07-21 13:00:00,Other,太陽能(Solar),3393.351,,,,,,
2025-07-21 13:10:00,Other,太陽能(Solar),3436.5490000000004,,,,,,
2025-07-21 13:20:00,Other,太陽能(Solar),3462.933,,,,,,
2025-07-21 13:30:00,Other,太陽能(Solar),3447.071,,,,,,
2025-07-21 13:40:00,Other,太陽能(Solar),3373.121,,,,,,
2025-07-21 13:50:00,Other,太陽能(Solar),3237.47,,,,,,
2025-07-21 14:00:00,Other,太陽能(Solar),3120.75,,,,,,
2025-07-21 14:10:00,Other,太陽能(Solar),2692.081,,,,,,
2025-07-21 14:20:00,Other,太陽能(Solar),2612.949,,,,,,
2025-07-21 14:30:00,Other,太陽能(Solar),2523.241,,,,,,
2025-07-21 14:40:00,Other,太陽能(Solar),2377.772,,,,,,
2025-07-21 14:50:00,Other,太陽能(Solar),2275.344,,,,,,
2025-07-21 15:00:00,Other,太陽能(Solar),2062.635,,,,,,
2025-07-21 15:10:00,Other,太陽能(Solar),1890.215,,,,,,
2025-07-21 15:20:00,Other,太陽能(Solar),1683.7,,,,,,
2025-07-21 15:30:00,Other,太陽能(Solar),1539.954,,,,,,
2025-07-21 15:40:00,Other,太陽能(Solar),1435.244,,,,,,
2025-07-21 15:50:00,Other,太陽能(Solar),1297.451,,,,,,
2025-07-21 16:00:00,Other,太陽能(Solar),1240.659,,,,,,
2025-07-21 16:10:00,Other,太陽能(Solar),1135.134,,,,,,
2025-07-21 16:20:00,Other,太陽能(Solar),1057.942,,,,,,
2025-07-21 16:30:00,Other,太陽能(Solar),967.112,,,,,,
2025-07-21 16:40:00,Other,太陽能(Solar),908.582,,,,,,
2025-07-21 16:50:00,Other,太陽能(Solar),832.394,,,,,,
2025-07-21 17:00:00,Other,太陽能(Solar),701.849,,,,,,
2025-07-21 17:10:00,Other,太陽能(Solar),609.747,,,,,,
2025-07-21 17:20:00,Other,太陽能(Solar),570.0010000000001,,,,,,
2025-07-21 17:30:00,Other,太陽能(Solar),493.525,,,,,,
2025-07-21 17:40:00,Other,太陽能(Solar),427.004,,,,,,
2025-07-21 17:50:00,Other,太陽能(Solar),332.40700000000004,,,,,,
2025-07-21 18:00:00,Other,太陽能(Solar),270.123,,,,,,
2025-07-21 18:10:00,Other,太陽能(Solar),201.164,,,,,,
2025-07-21 18:20:00,Other,太陽能(Solar),134.491,,,,,,
2025-07-21 18:30:00,Other,太陽能(Solar),75.201,,,,,,
2025-07-21 18:40:00,Other,太陽能(Solar),27.145,,,,,,
2025-07-21 18:50:00,Other,太陽能(Solar),5.832,,,,,,
2025-07-21 19:00:00,Other,太陽能(Solar),0.0,,,,,,
2025-07-21 19:10:00,Other,太陽能(Solar),0.0,,,,,,
2025-07-21 19:20:00,Other,太陽能(Solar),0.0,,,,,,
2025-07-21 19:30:00,Other,太陽能(Solar),0.0,,,,,,
2025-07-21 19:40:00,Other,太陽能(Solar),0.0,,,,,,
2025-07-21 19:50:00,Other,太陽能(Solar),0.0,,,,,,
2025-07-21 20:00:00,Other,太陽能(Solar),0.0,,,,,,
2025-07-21 20:10:00,Other,太陽能(Solar),0.0,,,,,,
2025-07-21 20:20:00,Other,太陽能(Solar),0.0,,,,,,
2025-07-21 20:30:00,Other,太陽能(Solar),0.0,,,,,,
2025-07-21 20:40:00,Other,太陽能(Solar),0.0,,,,,,
2025-07-21 20:50:00,Other,太陽能(Solar),0.0,,,,,,
2025-07-21 21:00:00,Other,太陽能(Solar),0.0,,,,,,
2025-07-21 21:10:00,Other,太陽能(Solar),0.0,,,,,,
2025-07-21 21:20:00,Other,太陽能(Solar),0.0,,,,,,
2025-07-21 21:30:00,Other,太陽能(Solar),0.0,,,,,,
2025-07-21 21:40:00,Other,太陽能(Solar),0.0,,,,,,
2025-07-21 21:50:00,Other,太陽能(Solar),0.0,,,,,,
2025-07-21 22:00:00,Other,太陽能(Solar),0.0,,,,,,
2025-07-21 22:10:00,Other,太陽能(Solar),0.0,,,,,,
2025-07-21 22:20:00,Other,太陽能(Solar),0.0,,,,,,
2025-07-21 22:30:00,Other,太陽能(Solar),0.0,,,,,,
2025-07-21 22:40:00,Other,太陽能(Solar),0.0,,,,,,
2025-07-21 22:50:00,Other,太陽能(Solar),0.0,,,,,,
2025-07-21 23:00:00,Other,太陽能(Solar),0.0,,,,,,
2025-07-21 23:10:00,Other,太陽能(Solar),0.0,,,,,,
2025-07-21 23:20:00,Other,太陽能(Solar),0.0,,,,,,
2025-07-21 23:30:00,Other,太陽能(Solar),0.0,,,,,,
2025-07-21 23:40:00,Other,太陽能(Solar),0.0,,,,,,
2025-07-21 23:50:00,Other,太陽能(Solar),0.0,,,,,,
2025-07-22 00:00:00,Other,太陽能(Solar),0.0,,,,,,
2025-07-22 00:10:00,Other,太陽能(Solar),0.0,,,,,,
2025-07-22 00:20:00,Other,太陽能(Solar),0.0,,,,,,
2025-07-22 00:30:00,Other,太陽能(Solar),0.0,,,,,,
2025-07-22 00:40:00,Other,太陽能(Solar),0.0,,,,,,
2025-07-22 00:50:00,Other,太陽能(Solar),0.0,,,,,,
2025-07-22 01:00:00,Other,太陽能(Solar),0.0,,,,,,
2025-07-22 01:10:00,Other,太陽能(Solar),0.0,,,,,,
2025-07-22 01:20:00,Other,太陽能(Solar),0.0,,,,,,
2025-07-22 01:30:00,Other,太陽能(Solar),0.0,,,,,,
2025-07-22 01:40:00,Other,太陽能(Solar),0.0,,,,,,
2025-07-22 01:50:00,Other,太陽能(Solar),0.0,,,,,,
2025-07-22 02:00:00,Other,太陽能(Solar),0.0,,,,,,
2025-07-22 02:10:00,Other,太陽能(Solar),0.0,,,,,,
2025-07-22 02:20:00,Other,太陽能(Solar),0.0,,,,,,
2025-07-22 02:30:00,Other,太陽能(Solar),0.0,,,,,,
2025-07-22 02:40:00,Other,太陽能(Solar),0.0,,,,,,
2025-07-22 02:50:00,Other,太陽能(Solar),0.0,,,,,,
2025-07-22 03:00:00,Other,太陽能(Solar),0.0,,,,,,
2025-07-22 03:10:00,Other,太陽能(Solar),0.0,,,,,,
2025-07-22 03:20:00,Other,太陽能(Solar),0.0,,,,,,
2025-07-22 03:30:00,Other,太陽能(Solar),0.0,,,,,,
2025-07-22 03:40:00,Other,太陽能(Solar),0.0,,,,,,
2025-07-22 03:50:00,Other,太陽能(Solar),0.0,,,,,,
2025-07-22 04:00:00,Other,太陽能(Solar),0.0,,,,,,
2025-07-22 04:10:00,Other,太陽能(Solar),0.0,,,,,,
2025-07-22 04:20:00,Other,太陽能(Solar),0.0,,,,,,
2025-07-22 04:30:00,Other,太陽能(Solar),0.0,,,,,,
2025-07-22 04:40:00,Other,太陽能(Solar),0.0,,,,,,
2025-07-22 04:50:00,Other,太陽能(Solar),0.0,,,,,,
2025-07-22 05:00:00,Other,太陽能(Solar),1.171,,,,,,
2025-07-22 05:10:00,Other,太陽能(Solar),1.171,,,,,,
2025-07-22 05:20:00,Other,太陽能(Solar),1.171,,,,,,
2025-07-22 05:30:00,Other,太陽能(Solar),0.611,,,,,,
2025-07-22 05:40:00,Other,太陽能(Solar),0.03,,,,,,
2025-07-22 05:50:00,Other,太陽能(Solar),61.551,,,,,,
2025-07-22 06:00:00,Other,太陽能(Solar),191.665,,,,,,
2025-07-22 06:10:00,Other,太陽能(Solar),336.783,,,,,,
2025-07-22 06:20:00,Other,太陽能(Solar),483.592,,,,,,
2025-07-22 06:30:00,Other,太陽能(Solar),631.408,,,,,,
2025-07-22 06:40:00,Other,太陽能(Solar),768.503,,,,,,
2025-07-22 06:50:00,Other,太陽能(Solar),909.274,,,,,,
2025-07-22 07:00:00,Other,太陽能(Solar),1068.762,,,,,,
2025-07-22 07:10:00,Other,太陽能(Solar),1268.548,,,,,,
2025-07-22 07:20:00,Other,太陽能(Solar),1459.4430000000002,,,,,,
2025-07-22 07:30:00,Other,太陽能(Solar),1650.8590000000002,,,,,,
2025-07-22 07:40:00,Other,太陽能(Solar),1834.605,,,,,,
2025-07-22 07:50:00,Other,太陽能(Solar),2031.371,,,,,,
2025-07-22 08:00:00,Other,太陽能(Solar),2216.673,,,,,,
2025-07-22 08:10:00,Other,太陽能(Solar),2479.2090000000003,,,,,,
2025-07-22 08:20:00,Other,太陽能(Solar),2739.517,,,,,,
2025-07-22 08:30:00,Other,太陽能(Solar),2810.371,,,,,,
2025-07-22 08:40:00,Other,太陽能(Solar),2944.074,,,,,,
2025-07-22 08:50:00,Other,太陽能(Solar),3098.429,,,,,,
2025-07-22 09:00:00,Other,太陽能(Solar),3275.907,,,,,,
2025-07-22 09:10:00,Other,太陽能(Solar),3502.669,,,,,,
2025-07-22 09:20:00,Other,太陽能(Solar),3706.239,,,,,,
2025-07-22 09:30:00,Other,太陽能(Solar),3856.784,,,,,,
2025-07-22 09:40:00,Other,太陽能(Solar),3933.488,,,,,,
2025-07-22 09:50:00,Other,太陽能(Solar),3897.999,,,,,,
2025-07-22 10:00:00,Other,太陽能(Solar),3909.756,,,,,,
2025-07-22 10:10:00,Other,太陽能(Solar),3919.907,,,,,,
2025-07-22 10:20:00,Other,太陽能(Solar),3978.623,,,,,,
2025-07-22 10:30:00,Other,太陽能(Solar),4075.341,,,,,,
2025-07-22 10:40:00,Other,太陽能(Solar),4126.411,,,,,,
2025-07-22 10:50:00,Other,太陽能(Solar),4132.508000000001,,,,,,
2025-07-22 11:00:00,Other,太陽能(Solar),4240.657999999999,,,,,,
2025-07-22 11:10:00,Other,太陽能(Solar),4347.575000000001,,,,,,
2025-07-22 11:20:00,Other,太陽能(Solar),4392.864,,,,,,
2025-07-22 11:30:00,Other,太陽能(Solar),4421.203,,,,,,
2025-07-22 11:40:00,Other,太陽能(Solar),4418.784000000001,,,,,,
2025-07-22 11:50:00,Other,太陽能(Solar),4437.913,,,,,,
2025-07-22 12:00:00,Other,太陽能(Solar),4545.967000000001,,,,,,
2025-07-22 12:10:00,Other,太陽能(Solar),4698.565,,,,,,
2025-07-22 12:20:00,Other,太陽能(Solar),4658.959,,,,,,
2025-07-22 12:30:00,Other,太陽能(Solar),4748.585999999999,,,,,,
2025-07-22 12:40:00,Other,太陽能(Solar),4780.492,,,,,,
2025-07-22 12:50:00,Other,太陽能(Solar),4614.976,,,,,,
2025-07-22 13:00:00,Other,太陽能(Solar),4549.991,,,,,,
2025-07-22 13:10:00,Other,太陽能(Solar),4237.753,,,,,,
2025-07-22 13:20:00,Other,太陽能(Solar),4181.3,,,,,,
2025-07-22 13:30:00,Other,太陽能(Solar),4232.959,,,,,,
2025-07-22 13:40:00,Other,太陽能(Solar),4050.355,,,,,,
2025-07-22 13:50:00,Other,太陽能(Solar),4054.315,,,,,,
2025-07-22 14:00:00,Other,太陽能(Solar),3898.726,,,,,,
2025-07-22 14:10:00,Other,太陽能(Solar),3933.716,,,,,,
2025-07-22 14:20:00,Other,太陽能(Solar),3884.333,,,,,,
2025-07-22 14:30:00,Other,太陽能(Solar),3850.762,,,,,,
2025-07-22 14:40:00,Other,太陽能(Solar),3814.974,,,,,,
2025-07-22 14:50:00,Other,太陽能(Solar),3748.058,,,,,,
2025-07-22 15:00:00,Other,太陽能(Solar),3605.145,,,,,,
2025-07-22 15:10:00,Other,太陽能(Solar),3444.297,,,,,,
2025-07-22 15:20:00,Other,太陽能(Solar),3194.035,,,,,,
2025-07-22 15:30:00,Other,太陽能(Solar),2926.149,,,,,,
2025-07-22 15:40:00,Other,太陽能(Solar),2688.235,,,,,,
2025-07-22 15:50:00,Other,太陽能(Solar),2448.791,,,,,,
